heldout_source,layer,tail_position,direction_norm,validation_addition_effect,validation_ablation_reduction,selection_score
kriging,0,-5,0.1974584311246872,-0.09375,-0.45833333333333337,-0.45833333333333337
kriging,0,-4,0.08003949373960495,0.13541666666666666,0.0625,0.0625
kriging,0,-3,0.17018800973892212,-0.09375,-0.04166666666666674,-0.09375
kriging,0,-2,0.11511476337909698,0.17708333333333334,-0.02083333333333337,-0.02083333333333337
kriging,0,-1,0.09220460802316666,-0.010416666666666666,0.2499999999999999,-0.010416666666666666
kriging,1,-5,0.38046807050704956,0.020833333333333332,-0.16666666666666674,-0.16666666666666674
kriging,1,-4,0.0962439775466919,0.07291666666666667,0.10416666666666663,0.07291666666666667
kriging,1,-3,0.22593139111995697,-0.08333333333333333,-0.16666666666666674,-0.16666666666666674
kriging,1,-2,0.129411980509758,0.11458333333333333,0.10416666666666663,0.10416666666666663
kriging,1,-1,0.10527621954679489,0.08333333333333333,0.04166666666666663,0.04166666666666663
kriging,2,-5,0.40098071098327637,0.10416666666666667,-0.20833333333333337,-0.20833333333333337
kriging,2,-4,0.1280951201915741,0.09375,0.04166666666666663,0.04166666666666663
kriging,2,-3,0.2380925416946411,0.03125,-0.4166666666666667,-0.4166666666666667
kriging,2,-2,0.21546399593353271,0.07291666666666667,0.08333333333333326,0.07291666666666667
kriging,2,-1,0.1331792175769806,0.07291666666666667,-0.0625,-0.0625
kriging,3,-5,0.9215178489685059,0.09375,0.33333333333333337,0.09375
kriging,3,-4,0.17362432181835175,0.08333333333333333,-0.08333333333333337,-0.08333333333333337
kriging,3,-3,0.48250266909599304,0.09375,0.14583333333333326,0.09375
kriging,3,-2,0.447363018989563,0.28125,-0.1875,-0.1875
kriging,3,-1,0.5111013054847717,0.020833333333333332,-0.6875,-0.6875
kriging,4,-5,0.9466766715049744,-0.15625,-0.20833333333333337,-0.20833333333333337
kriging,4,-4,0.28883764147758484,0.0625,0.16666666666666663,0.0625
kriging,4,-3,0.5841605067253113,-0.07291666666666667,0.10416666666666663,-0.07291666666666667
kriging,4,-2,0.5132793188095093,0.3229166666666667,0.02083333333333326,0.02083333333333326
kriging,4,-1,0.5674926042556763,-0.010416666666666666,0.04166666666666663,-0.010416666666666666
kriging,5,-5,1.0927274227142334,0.020833333333333332,0.29166666666666663,0.020833333333333332
kriging,5,-4,0.48797616362571716,0.14583333333333334,0.14583333333333326,0.14583333333333326
kriging,5,-3,0.6445925235748291,-0.16666666666666666,-0.04166666666666674,-0.16666666666666666
kriging,5,-2,0.571986198425293,0.09375,-0.14583333333333337,-0.14583333333333337
kriging,5,-1,0.5885158181190491,0.0625,0.0625,0.0625
kriging,6,-5,1.0604301691055298,-0.07291666666666667,0.5416666666666666,-0.07291666666666667
kriging,6,-4,0.6257280707359314,0.2604166666666667,-0.0625,-0.0625
kriging,6,-3,0.7259196043014526,0.14583333333333334,0.14583333333333326,0.14583333333333326
kriging,6,-2,0.6638759970664978,0.07291666666666667,-0.04166666666666674,-0.04166666666666674
kriging,6,-1,0.6894621849060059,0.16666666666666666,0.6666666666666666,0.16666666666666666
kriging,7,-5,1.1951348781585693,-0.1875,0.27083333333333337,-0.1875
kriging,7,-4,0.7281920313835144,0.010416666666666666,-0.22916666666666674,-0.22916666666666674
kriging,7,-3,1.4316836595535278,-0.15625,0.2499999999999999,-0.15625
kriging,7,-2,0.6592254042625427,-0.08333333333333333,0.125,-0.08333333333333333
kriging,7,-1,0.7047610878944397,-0.125,0.14583333333333326,-0.125
kriging,8,-5,1.2573881149291992,0.020833333333333332,-0.10416666666666674,-0.10416666666666674
kriging,8,-4,0.8445589542388916,-0.052083333333333336,0.08333333333333326,-0.052083333333333336
kriging,8,-3,1.482538104057312,-0.0625,0.0625,-0.0625
kriging,8,-2,0.6862117648124695,-0.010416666666666666,0.08333333333333326,-0.010416666666666666
kriging,8,-1,0.823860764503479,0.052083333333333336,-0.0625,-0.0625
kriging,9,-5,1.2520668506622314,0.19791666666666666,0.10416666666666663,0.10416666666666663
kriging,9,-4,0.8346725106239319,-0.11458333333333333,0.02083333333333326,-0.11458333333333333
kriging,9,-3,1.4588861465454102,0.125,0.39583333333333337,0.125
kriging,9,-2,0.6900781989097595,0.010416666666666666,0.125,0.010416666666666666
kriging,9,-1,0.8276751637458801,0.14583333333333334,0.1875,0.14583333333333334
kriging,10,-5,1.1919231414794922,0.2916666666666667,0.35416666666666663,0.2916666666666667
kriging,10,-4,0.8520824909210205,0.21875,-0.27083333333333337,-0.27083333333333337
kriging,10,-3,1.367009162902832,0.07291666666666667,0.04166666666666663,0.04166666666666663
kriging,10,-2,1.1826536655426025,-0.020833333333333332,0.0,-0.020833333333333332
kriging,10,-1,0.8078267574310303,0.1875,0.08333333333333326,0.08333333333333326
kriging,11,-5,1.1967920064926147,0.3229166666666667,0.35416666666666663,0.3229166666666667
kriging,11,-4,0.8495853543281555,0.10416666666666667,0.04166666666666663,0.04166666666666663
kriging,11,-3,1.3929030895233154,0.052083333333333336,-0.125,-0.125
kriging,11,-2,1.1470922231674194,0.11458333333333333,0.0625,0.0625
kriging,11,-1,0.8245429992675781,0.010416666666666666,0.04166666666666663,0.010416666666666666
kriging,12,-5,1.111376166343689,0.3020833333333333,-0.04166666666666674,-0.04166666666666674
kriging,12,-4,0.805829644203186,0.020833333333333332,0.08333333333333326,0.020833333333333332
kriging,12,-3,1.3208800554275513,0.2708333333333333,0.0,0.0
kriging,12,-2,1.0807324647903442,0.0625,-0.04166666666666674,-0.04166666666666674
kriging,12,-1,0.771346926689148,-0.041666666666666664,-0.08333333333333337,-0.08333333333333337
kriging,13,-5,1.3670339584350586,0.125,0.0625,0.0625
kriging,13,-4,0.9000017642974854,-0.052083333333333336,-0.16666666666666674,-0.16666666666666674
kriging,13,-3,1.4498733282089233,0.22916666666666666,-0.125,-0.125
kriging,13,-2,1.086269736289978,0.3020833333333333,0.08333333333333326,0.08333333333333326
kriging,13,-1,0.8480519652366638,-0.08333333333333333,0.0625,-0.08333333333333333
kriging,14,-5,1.3126044273376465,0.16666666666666666,0.125,0.125
kriging,14,-4,0.9489828944206238,-0.010416666666666666,-0.02083333333333337,-0.02083333333333337
kriging,14,-3,1.4209133386611938,0.40625,-0.20833333333333337,-0.20833333333333337
kriging,14,-2,1.1022417545318604,0.08333333333333333,0.08333333333333326,0.08333333333333326
kriging,14,-1,0.906464695930481,0.07291666666666667,0.04166666666666663,0.04166666666666663
kriging,15,-5,1.4067462682724,0.4791666666666667,0.0,0.0
kriging,15,-4,1.2363861799240112,-0.15625,0.04166666666666663,-0.15625
kriging,15,-3,1.4926726818084717,0.09375,0.0,0.0
kriging,15,-2,1.2218090295791626,0.10416666666666667,0.02083333333333326,0.02083333333333326
kriging,15,-1,0.8908848166465759,-0.23958333333333334,0.125,-0.23958333333333334
kriging,16,-5,1.393751621246338,0.53125,0.08333333333333326,0.08333333333333326
kriging,16,-4,1.5409207344055176,-0.17708333333333334,0.08333333333333326,-0.17708333333333334
kriging,16,-3,1.4645838737487793,0.041666666666666664,0.0625,0.041666666666666664
kriging,16,-2,1.2297722101211548,-0.10416666666666667,0.04166666666666663,-0.10416666666666667
kriging,16,-1,1.125400424003601,-0.14583333333333334,0.0,-0.14583333333333334
kriging,17,-5,1.6002528667449951,-0.020833333333333332,-0.25,-0.25
kriging,17,-4,1.8325432538986206,-0.21875,0.8124999999999999,-0.21875
kriging,17,-3,1.7429077625274658,-0.13541666666666666,0.10416666666666663,-0.13541666666666666
kriging,17,-2,1.402304768562317,-0.20833333333333334,-0.0625,-0.20833333333333334
kriging,17,-1,1.1802984476089478,-0.21875,0.29166666666666663,-0.21875
kriging,18,-5,1.5797038078308105,0.11458333333333333,0.02083333333333326,0.02083333333333326
kriging,18,-4,2.103624105453491,-0.08333333333333333,0.125,-0.08333333333333333
kriging,18,-3,1.7465498447418213,-0.1875,-0.02083333333333337,-0.1875
kriging,18,-2,1.416154146194458,-0.125,-0.10416666666666674,-0.125
kriging,18,-1,1.1885685920715332,-0.2708333333333333,-0.25,-0.2708333333333333
kriging,19,-5,1.5703600645065308,0.15625,-0.22916666666666674,-0.22916666666666674
kriging,19,-4,2.303288221359253,0.17708333333333334,0.02083333333333326,0.02083333333333326
kriging,19,-3,1.909887433052063,-0.03125,-0.10416666666666674,-0.10416666666666674
kriging,19,-2,1.5694729089736938,-0.4479166666666667,-0.3541666666666667,-0.4479166666666667
kriging,19,-1,1.1427371501922607,-0.3541666666666667,-0.7916666666666667,-0.7916666666666667
kriging,20,-5,1.7063839435577393,-0.15625,-0.4166666666666667,-0.4166666666666667
kriging,20,-4,2.374546766281128,0.2604166666666667,-0.27083333333333337,-0.27083333333333337
kriging,20,-3,1.9426413774490356,0.0,0.0,0.0
kriging,20,-2,1.6135526895523071,-0.4166666666666667,-0.27083333333333337,-0.4166666666666667
kriging,20,-1,1.106469988822937,-0.03125,-0.4166666666666667,-0.4166666666666667
kriging,21,-5,1.9308286905288696,-0.14583333333333334,-0.02083333333333337,-0.14583333333333334
kriging,21,-4,2.568284511566162,-0.13541666666666666,0.5208333333333334,-0.13541666666666666
kriging,21,-3,2.011000633239746,-0.3958333333333333,0.04166666666666663,-0.3958333333333333
kriging,21,-2,1.901125431060791,-0.3333333333333333,-0.37500000000000006,-0.37500000000000006
kriging,21,-1,1.3638319969177246,-0.25,0.02083333333333326,-0.25
kriging,22,-5,2.1671037673950195,0.1875,-0.16666666915019357,-0.16666666915019357
kriging,22,-4,2.4481661319732666,0.03125,-0.125,-0.125
kriging,22,-3,2.1053128242492676,-0.125,-0.22916666666666674,-0.22916666666666674
kriging,22,-2,2.027738332748413,-0.5208333333333334,0.10416666666666663,-0.5208333333333334
kriging,22,-1,1.2990694046020508,0.020833333333333332,-0.14583333333333337,-0.14583333333333337
kriging,23,-5,2.3718032836914062,0.08333333333333333,0.0,0.0
kriging,23,-4,2.6197574138641357,-0.20833333333333334,0.02083333333333326,-0.20833333333333334
kriging,23,-3,2.1643683910369873,0.020833333333333332,0.14583333333333326,0.020833333333333332
kriging,23,-2,2.5403738021850586,-0.8020833333333334,-0.04166666666666674,-0.8020833333333334
kriging,23,-1,1.5189974308013916,-0.3125,0.125,-0.3125
kriging,24,-5,2.621518135070801,-0.010416666666666666,-0.45833332836627966,-0.45833332836627966
kriging,24,-4,2.6685168743133545,-0.03125,0.29166666666666663,-0.03125
kriging,24,-3,2.1815271377563477,0.07291666666666667,-0.04166666666666674,-0.04166666666666674
kriging,24,-2,3.5941407680511475,-0.15625,0.10416666666666663,-0.15625
kriging,24,-1,1.9328027963638306,0.19791666666666666,0.3124999999999999,0.19791666666666666
kriging,25,-5,2.619699716567993,-0.07291666666666667,-0.43750000000000006,-0.43750000000000006
kriging,25,-4,2.8537471294403076,0.0625,-0.125,-0.125
kriging,25,-3,2.291116237640381,0.0625,-0.04166666666666674,-0.04166666666666674
kriging,25,-2,3.8890483379364014,0.22916666666666666,0.125,0.125
kriging,25,-1,2.0140881538391113,0.0,0.08333333333333326,0.0
kriging,26,-5,2.5482640266418457,-0.09375,-0.3541666666666667,-0.3541666666666667
kriging,26,-4,2.951478958129883,0.10416666666666667,0.08333333333333326,0.08333333333333326
kriging,26,-3,2.266979217529297,0.010416666666666666,-0.0625,-0.0625
kriging,26,-2,3.8882980346679688,0.2604166666666667,0.04166666666666663,0.04166666666666663
kriging,26,-1,2.2045507431030273,0.0,-0.02083333333333337,-0.02083333333333337
kriging,27,-5,2.4724881649017334,0.09375,0.04166666666666663,0.04166666666666663
kriging,27,-4,2.9709184169769287,0.09375,-0.10416666666666674,-0.10416666666666674
kriging,27,-3,2.3786540031433105,0.020833333333333332,0.0625,0.020833333333333332
kriging,27,-2,4.105401039123535,0.28125,0.14583333333333326,0.14583333333333326
kriging,27,-1,2.912147283554077,0.10416666666666667,0.125,0.10416666666666667
kriging,28,-5,2.63665771484375,0.09375,0.125,0.09375
kriging,28,-4,3.117542266845703,0.15625,-0.10416666666666674,-0.10416666666666674
kriging,28,-3,2.596961259841919,0.03125,0.0,0.0
kriging,28,-2,4.101812362670898,-0.020833333333333332,0.08333333333333326,-0.020833333333333332
kriging,28,-1,3.119694709777832,0.14583333333333334,0.04166666666666663,0.04166666666666663
kriging,29,-5,3.154134750366211,0.08333333333333333,0.16666666666666663,0.08333333333333333
kriging,29,-4,3.358614921569824,0.15625,0.02083333333333326,0.02083333333333326
kriging,29,-3,3.1541614532470703,0.0625,0.04166666666666663,0.04166666666666663
kriging,29,-2,4.404770374298096,0.07291666666666667,0.10416666666666663,0.07291666666666667
kriging,29,-1,3.3778626918792725,0.09375,0.1875,0.09375
kriging,30,-5,3.5719199180603027,0.125,0.20833333333333326,0.125
kriging,30,-4,4.197994232177734,0.041666666666666664,0.08333333333333326,0.041666666666666664
kriging,30,-3,3.659848690032959,0.052083333333333336,0.10416666666666663,0.052083333333333336
kriging,30,-2,5.167308807373047,0.0,0.02083333333333326,0.0
kriging,30,-1,3.6799936294555664,0.052083333333333336,0.08333333333333326,0.052083333333333336
kriging,31,-5,4.051802635192871,-0.0625,-0.08333333333333337,-0.08333333333333337
kriging,31,-4,4.51951789855957,-0.041666666666666664,0.14583333333333326,-0.041666666666666664
kriging,31,-3,4.3999762535095215,-0.020833333333333332,0.0,-0.020833333333333332
kriging,31,-2,5.887650966644287,-0.03125,0.04166666666666663,-0.03125
kriging,31,-1,3.948814868927002,0.13541666666666666,0.0625,0.0625
kriging,32,-5,4.175253868103027,-0.07291666666666667,-0.10416666666666674,-0.10416666666666674
kriging,32,-4,5.402614593505859,-0.17708333333333334,0.20833333333333326,-0.17708333333333334
kriging,32,-3,5.057524681091309,0.07291666666666667,0.125,0.07291666666666667
kriging,32,-2,6.772622585296631,-0.15625,0.0625,-0.15625
kriging,32,-1,4.40626335144043,0.13541666666666666,0.0,0.0
kriging,33,-5,4.66910457611084,-0.052083333333333336,-0.14583333333333337,-0.14583333333333337
kriging,33,-4,6.519885063171387,-0.010416666666666666,0.0,-0.010416666666666666
kriging,33,-3,5.3287129402160645,0.020833333333333332,0.0625,0.020833333333333332
kriging,33,-2,7.555624008178711,0.03125,0.10416666666666663,0.03125
kriging,33,-1,4.849621295928955,0.125,0.0625,0.0625
kriging,34,-5,5.627530574798584,0.010416666666666666,-0.02083333333333337,-0.02083333333333337
kriging,34,-4,7.9054741859436035,-0.010416666666666666,0.0,-0.010416666666666666
kriging,34,-3,6.316435813903809,-0.010416666666666666,0.125,-0.010416666666666666
kriging,34,-2,9.307246208190918,0.0,0.1875,0.0
kriging,34,-1,5.839363098144531,0.0625,0.04166666666666663,0.04166666666666663
kriging,35,-5,7.605219841003418,0.041666666666666664,0.0,0.0
kriging,35,-4,11.550188064575195,0.010416666666666666,0.08333333333333326,0.010416666666666666
kriging,35,-3,7.019705772399902,0.041666666666666664,0.04166666666666663,0.04166666666666663
kriging,35,-2,12.489755630493164,0.0,0.04166666666666663,0.0
kriging,35,-1,6.145206451416016,0.010416666666666666,-0.08333333333333337,-0.08333333333333337
resnet,0,-5,0.11417488008737564,0.020833333333333332,-0.14583333333333331,-0.14583333333333331
resnet,0,-4,0.05904379114508629,0.125,0.08333333333333334,0.08333333333333334
resnet,0,-3,0.1252354383468628,0.0625,-0.10416666666666666,-0.10416666666666666
resnet,0,-2,0.08586087077856064,0.08333333333333333,0.08333333333333334,0.08333333333333333
resnet,0,-1,0.08427339792251587,0.11458333333333333,0.20833333333333334,0.11458333333333333
resnet,1,-5,0.25430530309677124,-0.11458333333333333,0.20833333333333334,-0.11458333333333333
resnet,1,-4,0.07837361842393875,-0.03125,0.14583333333333334,-0.03125
resnet,1,-3,0.18408739566802979,0.020833333333333332,0.16666666666666666,0.020833333333333332
resnet,1,-2,0.10378967225551605,0.020833333333333332,0.25,0.020833333333333332
resnet,1,-1,0.09804512560367584,0.10416666666666667,0.0625,0.0625
resnet,2,-5,0.28038129210472107,0.125,-0.8125,-0.8125
resnet,2,-4,0.10576136410236359,0.03125,0.22916666666666666,0.03125
resnet,2,-3,0.19510798156261444,0.0,-0.04166666666666666,-0.04166666666666666
resnet,2,-2,0.1407906860113144,0.03125,0.020833333333333343,0.020833333333333343
resnet,2,-1,0.12442322820425034,-0.020833333333333332,-0.08333333333333333,-0.08333333333333333
resnet,3,-5,0.9098880887031555,-0.17708333333333334,0.14583333333333334,-0.17708333333333334
resnet,3,-4,0.15736742317676544,0.041666666666666664,-0.375,-0.375
resnet,3,-3,0.5522922277450562,-0.041666666666666664,0.10416666666666666,-0.041666666666666664
resnet,3,-2,0.47611454129219055,0.2916666666666667,0.22916666666666666,0.22916666666666666
resnet,3,-1,0.2517816126346588,-0.052083333333333336,-0.3958333333333333,-0.3958333333333333
resnet,4,-5,0.9674672484397888,0.052083333333333336,-0.16666666666666666,-0.16666666666666666
resnet,4,-4,0.2958972156047821,0.041666666666666664,0.5416666666666667,0.041666666666666664
resnet,4,-3,0.7404541373252869,-0.052083333333333336,0.33333333333333337,-0.052083333333333336
resnet,4,-2,0.5887383818626404,0.2604166666666667,-0.29166666666666663,-0.29166666666666663
resnet,4,-1,0.33188360929489136,0.08333333333333333,0.27083333333333337,0.08333333333333333
resnet,5,-5,1.0825799703598022,-0.010416666666666666,0.375,-0.010416666666666666
resnet,5,-4,0.496208518743515,0.16666666666666666,0.39583333333333337,0.16666666666666666
resnet,5,-3,0.8010873794555664,0.0,0.27083333333333337,0.0
resnet,5,-2,0.9786182641983032,0.19791666666666666,0.0,0.0
resnet,5,-1,0.3987070322036743,-0.041666666666666664,0.18750000000000003,-0.041666666666666664
resnet,6,-5,1.0708616971969604,-0.20833333333333334,0.33333333333333337,-0.20833333333333334
resnet,6,-4,0.6121749877929688,0.21875,0.22916666666666666,0.21875
resnet,6,-3,0.9107729196548462,0.14583333333333334,0.33333333333333337,0.14583333333333334
resnet,6,-2,0.9715787768363953,0.22916666666666666,0.35416666666666674,0.22916666666666666
resnet,6,-1,0.49739983677864075,0.08333333333333333,0.41666666666666674,0.08333333333333333
resnet,7,-5,1.1594127416610718,-0.0625,0.14583333333333334,-0.0625
resnet,7,-4,0.6827492713928223,0.11458333333333333,0.08333333333333334,0.08333333333333334
resnet,7,-3,1.0274314880371094,0.1875,0.08333333333333334,0.08333333333333334
resnet,7,-2,0.9613527655601501,0.09375,0.6041666666666667,0.09375
resnet,7,-1,0.5289479494094849,0.10416666666666667,0.41666666666666674,0.10416666666666667
resnet,8,-5,1.2014724016189575,-0.19791666666666666,0.16666666666666666,-0.19791666666666666
resnet,8,-4,0.7460129261016846,-0.052083333333333336,0.20833333333333334,-0.052083333333333336
resnet,8,-3,1.0706567764282227,0.22916666666666666,0.041666666666666685,0.041666666666666685
resnet,8,-2,0.9246444702148438,0.08333333333333333,0.375,0.08333333333333333
resnet,8,-1,0.6847584843635559,0.041666666666666664,0.20833333333333334,0.041666666666666664
resnet,9,-5,1.173932433128357,0.2604166666666667,0.25,0.25
resnet,9,-4,0.7281358242034912,0.020833333333333332,0.16666666666666666,0.020833333333333332
resnet,9,-3,1.0626267194747925,0.59375,0.22916666666666666,0.22916666666666666
resnet,9,-2,0.9079070687294006,0.041666666666666664,0.47916666666666674,0.041666666666666664
resnet,9,-1,0.7043378353118896,0.2604166666666667,0.25,0.25
resnet,10,-5,1.0936572551727295,0.3229166666666667,0.0625,0.0625
resnet,10,-4,0.7174012660980225,0.3020833333333333,-0.04166666666666666,-0.04166666666666666
resnet,10,-3,1.0170563459396362,0.6354166666666666,0.12500000000000003,0.12500000000000003
resnet,10,-2,1.2026827335357666,0.23958333333333334,0.5416666666666667,0.23958333333333334
resnet,10,-1,0.6529328227043152,-0.08333333333333333,0.14583333333333334,-0.08333333333333333
resnet,11,-5,1.1004055738449097,0.07291666666666667,0.29166666666666663,0.07291666666666667
resnet,11,-4,0.7431423664093018,0.14583333333333334,0.041666666666666685,0.041666666666666685
resnet,11,-3,1.035854697227478,0.34375,0.22916666666666666,0.22916666666666666
resnet,11,-2,1.2104990482330322,0.375,0.35416666666666674,0.35416666666666674
resnet,11,-1,0.6874936819076538,0.0,0.16666666666666666,0.0
resnet,12,-5,1.028501033782959,0.22916666666666666,0.22916666666666666,0.22916666666666666
resnet,12,-4,0.7174213528633118,0.020833333333333332,-0.10416666666666666,-0.10416666666666666
resnet,12,-3,1.0054106712341309,0.5625,0.25,0.25
resnet,12,-2,1.074252724647522,0.14583333333333334,0.22916666666666666,0.14583333333333334
resnet,12,-1,0.6495866775512695,-0.07291666666666667,0.18750000000000003,-0.07291666666666667
resnet,13,-5,1.0913830995559692,0.23958333333333334,0.020833333333333343,0.020833333333333343
resnet,13,-4,0.7853145003318787,-0.03125,-0.29166666666666663,-0.29166666666666663
resnet,13,-3,1.0775867700576782,0.3958333333333333,-0.1875,-0.1875
resnet,13,-2,1.1233749389648438,0.3958333333333333,0.0625,0.0625
resnet,13,-1,0.7414703369140625,0.052083333333333336,0.25,0.052083333333333336
resnet,14,-5,1.0978021621704102,0.15625,0.33333333333333337,0.15625
resnet,14,-4,0.796708345413208,0.052083333333333336,0.27083333333333337,0.052083333333333336
resnet,14,-3,1.0825084447860718,0.4166666666666667,0.22916666666666666,0.22916666666666666
resnet,14,-2,1.0726007223129272,0.11458333333333333,-0.20833333333333331,-0.20833333333333331
resnet,14,-1,0.7891516089439392,-0.125,-0.22916666666666666,-0.22916666666666666
resnet,15,-5,1.2027490139007568,0.3958333333333333,-0.020833333333333315,-0.020833333333333315
resnet,15,-4,1.0033079385757446,-0.125,-0.47916666666666663,-0.47916666666666663
resnet,15,-3,1.3193161487579346,0.3333333333333333,0.10416666666666666,0.10416666666666666
resnet,15,-2,1.1926658153533936,0.3333333333333333,-0.14583333333333331,-0.14583333333333331
resnet,15,-1,0.8115361928939819,-0.3125,-0.5208333333333334,-0.5208333333333334
resnet,16,-5,1.2104064226150513,0.3854166666666667,0.020833333333333343,0.020833333333333343
resnet,16,-4,1.3462460041046143,-0.13541666666666666,0.5,-0.13541666666666666
resnet,16,-3,1.3110798597335815,0.4166666666666667,0.041666666666666685,0.041666666666666685
resnet,16,-2,1.2135742902755737,0.010416666666666666,0.041666666666666685,0.010416666666666666
resnet,16,-1,0.9330278038978577,-0.14583333333333334,-0.10416666666666666,-0.14583333333333334
resnet,17,-5,1.2488371133804321,0.03125,0.020833333333333343,0.020833333333333343
resnet,17,-4,1.3421881198883057,0.13541666666666666,0.10416666666666666,0.10416666666666666
resnet,17,-3,1.4841023683547974,0.4166666666666667,-0.062499999999999986,-0.062499999999999986
resnet,17,-2,1.40737783908844,-0.11458333333333333,0.08333333333333334,-0.11458333333333333
resnet,17,-1,0.9275590181350708,-0.11458333333333333,0.12500000000000003,-0.11458333333333333
resnet,18,-5,1.2926019430160522,0.3020833333333333,0.20833333333333334,0.20833333333333334
resnet,18,-4,1.4925624132156372,0.08333333333333333,0.041666666666666685,0.041666666666666685
resnet,18,-3,1.435139536857605,0.28125,0.35416666666666674,0.28125
resnet,18,-2,1.3939027786254883,0.3645833333333333,-0.375,-0.375
resnet,18,-1,0.9353063106536865,-0.1875,-0.020833333333333315,-0.1875
resnet,19,-5,1.284776210784912,0.2916666666666667,0.20833333333333334,0.20833333333333334
resnet,19,-4,1.6650460958480835,-0.14583333333333334,0.041666666666666685,-0.14583333333333334
resnet,19,-3,1.5296212434768677,0.3645833333333333,0.35416666666666674,0.35416666666666674
resnet,19,-2,1.5014795064926147,-0.1875,-0.16666666666666666,-0.1875
resnet,19,-1,0.9074381589889526,-0.3125,-0.08333333333333333,-0.3125
resnet,20,-5,1.3811842203140259,0.23958333333333334,0.33333333333333337,0.23958333333333334
resnet,20,-4,1.7704495191574097,0.020833333333333332,-0.020833333333333315,-0.020833333333333315
resnet,20,-3,1.522136926651001,0.34375,0.10416666666666666,0.10416666666666666
resnet,20,-2,1.4483624696731567,-0.0625,0.020833333333333343,-0.0625
resnet,20,-1,0.9259167313575745,0.03125,-0.04166666666666666,-0.04166666666666666
resnet,21,-5,1.5529084205627441,-0.0625,0.16666666666666666,-0.0625
resnet,21,-4,1.86186683177948,-0.28125,-0.20833333333333331,-0.28125
resnet,21,-3,1.5441961288452148,0.11458333333333333,-0.04166666666666666,-0.04166666666666666
resnet,21,-2,1.7343177795410156,-0.2604166666666667,0.3125,-0.2604166666666667
resnet,21,-1,1.0379250049591064,-0.19791666666666666,-0.4375,-0.4375
resnet,22,-5,1.7492451667785645,-0.010416666666666666,-0.14583333333333331,-0.14583333333333331
resnet,22,-4,1.8110990524291992,0.08333333333333333,0.18750000000000003,0.08333333333333333
resnet,22,-3,1.5958651304244995,-0.010416666666666666,-0.16666666666666666,-0.16666666666666666
resnet,22,-2,1.9058640003204346,-0.020833333333333332,0.041666666666666685,-0.020833333333333332
resnet,22,-1,1.0830726623535156,0.0625,-0.04166666666666666,-0.04166666666666666
resnet,23,-5,1.8904143571853638,0.15625,-0.06249999751647313,-0.06249999751647313
resnet,23,-4,2.015935182571411,-0.15625,0.041666666666666685,-0.15625
resnet,23,-3,1.6344603300094604,0.010416666666666666,0.041666666666666685,0.010416666666666666
resnet,23,-2,2.266649007797241,-0.08333333333333333,-0.020833333333333315,-0.08333333333333333
resnet,23,-1,1.3304550647735596,-0.20833333333333334,0.16666666666666666,-0.20833333333333334
resnet,24,-5,2.090467929840088,0.11458333333333333,-0.2708333432674408,-0.2708333432674408
resnet,24,-4,2.2131307125091553,0.010416666666666666,0.0625,0.010416666666666666
resnet,24,-3,1.6766998767852783,0.13541666666666666,0.16666666666666666,0.13541666666666666
resnet,24,-2,2.6274232864379883,0.125,0.20833333333333334,0.125
resnet,24,-1,1.708764910697937,0.23958333333333334,0.08333333333333334,0.08333333333333334
resnet,25,-5,2.0649514198303223,0.03125,0.041666666666666685,0.03125
resnet,25,-4,2.251500368118286,-0.07291666666666667,0.020833333333333343,-0.07291666666666667
resnet,25,-3,1.706827163696289,0.07291666666666667,0.16666666666666666,0.07291666666666667
resnet,25,-2,2.801238775253296,0.03125,0.25,0.03125
resnet,25,-1,1.8856186866760254,0.125,0.041666666666666685,0.041666666666666685
resnet,26,-5,2.0797688961029053,0.041666666666666664,-0.062499999999999986,-0.062499999999999986
resnet,26,-4,2.4148809909820557,0.07291666666666667,0.18750000000000003,0.07291666666666667
resnet,26,-3,1.7023730278015137,0.020833333333333332,0.10416666666666666,0.020833333333333332
resnet,26,-2,2.740086793899536,0.16666666666666666,0.14583333333333334,0.14583333333333334
resnet,26,-1,2.1038057804107666,0.17708333333333334,0.020833333333333343,0.020833333333333343
resnet,27,-5,2.110013246536255,0.0625,0.0,0.0
resnet,27,-4,2.508080005645752,0.03125,0.0625,0.03125
resnet,27,-3,1.7587475776672363,-0.020833333333333332,0.041666666666666685,-0.020833333333333332
resnet,27,-2,2.9848532676696777,0.052083333333333336,0.08333333333333334,0.052083333333333336
resnet,27,-1,2.7571566104888916,0.09375,0.08333333333333334,0.08333333333333334
resnet,28,-5,2.197600841522217,0.03125,-0.062499999999999986,-0.062499999999999986
resnet,28,-4,2.689716339111328,0.0625,-0.04166666666666666,-0.04166666666666666
resnet,28,-3,1.9296326637268066,-0.020833333333333332,0.041666666666666685,-0.020833333333333332
resnet,28,-2,3.135450839996338,-0.03125,0.020833333333333343,-0.03125
resnet,28,-1,2.9143402576446533,0.08333333333333333,0.12500000000000003,0.08333333333333333
resnet,29,-5,2.5400352478027344,0.020833333333333332,-0.08333333333333333,-0.08333333333333333
resnet,29,-4,2.808587074279785,0.03125,-0.08333333333333333,-0.08333333333333333
resnet,29,-3,2.146466016769409,0.020833333333333332,0.041666666666666685,0.020833333333333332
resnet,29,-2,3.2946083545684814,0.08333333333333333,0.020833333333333343,0.020833333333333343
resnet,29,-1,3.124387264251709,0.010416666666666666,0.0625,0.010416666666666666
resnet,30,-5,2.8664090633392334,0.0625,0.020833333333333343,0.020833333333333343
resnet,30,-4,3.2439234256744385,0.0,0.10416666666666666,0.0
resnet,30,-3,2.455706834793091,0.020833333333333332,0.08333333333333334,0.020833333333333332
resnet,30,-2,4.126284122467041,0.010416666666666666,0.041666666666666685,0.010416666666666666
resnet,30,-1,3.3334362506866455,0.010416666666666666,0.12500000000000003,0.010416666666666666
resnet,31,-5,3.487854480743408,-0.052083333333333336,0.08333333333333334,-0.052083333333333336
resnet,31,-4,3.610292673110962,-0.010416666666666666,-0.04166666666666666,-0.04166666666666666
resnet,31,-3,3.04461669921875,0.03125,0.10416666666666666,0.03125
resnet,31,-2,4.560575485229492,-0.11458333333333333,0.10416666666666666,-0.11458333333333333
resnet,31,-1,3.517606496810913,0.052083333333333336,0.08333333333333334,0.052083333333333336
resnet,32,-5,3.856882095336914,0.010416666666666666,-0.062499999999999986,-0.062499999999999986
resnet,32,-4,4.2647786140441895,-0.010416666666666666,0.12500000000000003,-0.010416666666666666
resnet,32,-3,3.554506778717041,-0.020833333333333332,0.0625,-0.020833333333333332
resnet,32,-2,5.4901323318481445,-0.125,0.0625,-0.125
resnet,32,-1,3.881681203842163,0.010416666666666666,0.041666666666666685,0.010416666666666666
resnet,33,-5,3.9309568405151367,0.010416666666666666,0.0625,0.010416666666666666
resnet,33,-4,5.132505416870117,0.020833333333333332,0.08333333333333334,0.020833333333333332
resnet,33,-3,3.7447571754455566,0.041666666666666664,0.0625,0.041666666666666664
resnet,33,-2,6.190046310424805,-0.0625,0.12500000000000003,-0.0625
resnet,33,-1,4.189445972442627,0.0625,0.0,0.0
resnet,34,-5,4.574632167816162,0.020833333333333332,0.08333333333333334,0.020833333333333332
resnet,34,-4,6.183772563934326,0.010416666666666666,0.020833333333333343,0.010416666666666666
resnet,34,-3,4.748548984527588,0.020833333333333332,0.020833333333333343,0.020833333333333332
resnet,34,-2,8.056778907775879,-0.0625,0.21875000000000003,-0.0625
resnet,34,-1,5.023502826690674,0.010416666666666666,0.020833333333333343,0.010416666666666666
resnet,35,-5,5.99961519241333,0.052083333333333336,0.0625,0.052083333333333336
resnet,35,-4,7.897640705108643,0.03125,0.041666666666666685,0.03125
resnet,35,-3,4.907223701477051,0.041666666666666664,0.0625,0.041666666666666664
resnet,35,-2,9.837841987609863,0.041666666666666664,0.0,0.0
resnet,35,-1,5.51380729675293,0.041666666666666664,0.0,0.0
transformer,0,-5,0.2076961100101471,-0.041666666666666664,0.0625,-0.041666666666666664
transformer,0,-4,0.06691265106201172,-0.052083333333333336,0.0,-0.052083333333333336
transformer,0,-3,0.12244979292154312,0.0625,0.14583333333333337,0.0625
transformer,0,-2,0.08948040753602982,-0.041666666666666664,0.2916666666666667,-0.041666666666666664
transformer,0,-1,0.10186900943517685,0.11458333333333333,-0.14583333333333331,-0.14583333333333331
transformer,1,-5,0.32725927233695984,-0.052083333333333336,0.14583333333333337,-0.052083333333333336
transformer,1,-4,0.09411036223173141,0.03125,0.10416666666666669,0.03125
transformer,1,-3,0.1856691837310791,-0.020833333333333332,0.14583333333333337,-0.020833333333333332
transformer,1,-2,0.10628002136945724,-0.020833333333333332,0.0625,-0.020833333333333332
transformer,1,-1,0.11229586601257324,0.0625,0.22916666666666669,0.0625
transformer,2,-5,0.34961798787117004,0.125,-0.5625,-0.5625
transformer,2,-4,0.12455925345420837,0.03125,0.39583333333333337,0.03125
transformer,2,-3,0.20611770451068878,0.08333333333333333,0.02083333333333337,0.02083333333333337
transformer,2,-2,0.17964908480644226,0.010416666666666666,0.0625,0.010416666666666666
transformer,2,-1,0.14921966195106506,0.11458333333333333,-0.12499999999999994,-0.12499999999999994
transformer,3,-5,0.9420678615570068,0.19791666666666666,0.6041666666666667,0.19791666666666666
transformer,3,-4,0.1802574098110199,0.052083333333333336,0.25,0.052083333333333336
transformer,3,-3,0.5045311450958252,0.07291666666666667,0.3541666666666667,0.07291666666666667
transformer,3,-2,0.7196775674819946,0.4791666666666667,0.5416666666666667,0.4791666666666667
transformer,3,-1,0.3031608760356903,0.0625,-0.22916666666666669,-0.22916666666666669
transformer,4,-5,0.9599186182022095,0.010416666666666666,0.4375,0.010416666666666666
transformer,4,-4,0.3212706446647644,0.17708333333333334,0.6666666666666667,0.17708333333333334
transformer,4,-3,0.7168923020362854,-0.020833333333333332,0.7708333333333334,-0.020833333333333332
transformer,4,-2,0.8108446598052979,0.2708333333333333,-0.08333333333333331,-0.08333333333333331
transformer,4,-1,0.4257189631462097,0.1875,0.6875,0.1875
transformer,5,-5,1.1163312196731567,-0.020833333333333332,0.3541666666666667,-0.020833333333333332
transformer,5,-4,0.5953085422515869,0.19791666666666666,0.14583333333333337,0.14583333333333337
transformer,5,-3,0.7820548415184021,-0.0625,0.25,-0.0625
transformer,5,-2,0.9962721467018127,-0.08333333333333333,0.39583333333333337,-0.08333333333333333
transformer,5,-1,0.5360977649688721,0.19791666666666666,0.2916666666666667,0.19791666666666666
transformer,6,-5,1.1246317625045776,-0.20833333333333334,0.08333333333333337,-0.20833333333333334
transformer,6,-4,0.7370644211769104,0.2604166666666667,0.4375,0.2604166666666667
transformer,6,-3,0.896623432636261,0.20833333333333334,0.375,0.20833333333333334
transformer,6,-2,1.027262568473816,0.03125,0.33333333333333337,0.03125
transformer,6,-1,0.6368794441223145,0.2916666666666667,0.6666666666666667,0.2916666666666667
transformer,7,-5,1.2610830068588257,-0.09375,0.08333333333333337,-0.09375
transformer,7,-4,0.8127641081809998,-0.0625,-0.020833333333333315,-0.0625
transformer,7,-3,1.4247925281524658,0.23958333333333334,0.39583333333333337,0.23958333333333334
transformer,7,-2,0.9876102805137634,-0.19791666666666666,0.3125,-0.19791666666666666
transformer,7,-1,0.6571944355964661,-0.13541666666666666,0.2916666666666667,-0.13541666666666666
transformer,8,-5,1.3355413675308228,-0.11458333333333333,0.4166666666666667,-0.11458333333333333
transformer,8,-4,0.9021731019020081,-0.1875,-0.062499999999999944,-0.1875
transformer,8,-3,1.4715396165847778,0.2604166666666667,0.33333333333333337,0.2604166666666667
transformer,8,-2,0.9641455411911011,-0.052083333333333336,0.0625,-0.052083333333333336
transformer,8,-1,0.8602250218391418,-0.010416666666666666,0.4791666666666667,-0.010416666666666666
transformer,9,-5,1.3140606880187988,-0.010416666666666666,0.08333333333333337,-0.010416666666666666
transformer,9,-4,0.8730206489562988,-0.020833333333333332,0.25,-0.020833333333333332
transformer,9,-3,1.4493578672409058,0.40625,0.10416666666666669,0.10416666666666669
transformer,9,-2,0.9722659587860107,-0.08333333333333333,0.20833333333333337,-0.08333333333333333
transformer,9,-1,0.9324451088905334,0.21875,0.20833333333333337,0.20833333333333337
transformer,10,-5,1.2420302629470825,0.10416666666666667,0.5625,0.10416666666666667
transformer,10,-4,0.8579007983207703,0.09375,0.10416666666666669,0.09375
transformer,10,-3,1.372713327407837,0.3020833333333333,-0.24999999999999994,-0.24999999999999994
transformer,10,-2,1.6756083965301514,-0.14583333333333334,0.20833333333333337,-0.14583333333333334
transformer,10,-1,0.8410803079605103,-0.010416666666666666,0.02083333333333337,-0.010416666666666666
transformer,11,-5,1.2614359855651855,0.125,0.10416666666666669,0.10416666666666669
transformer,11,-4,0.8595708608627319,0.052083333333333336,0.08333333333333337,0.052083333333333336
transformer,11,-3,1.4216006994247437,0.11458333333333333,-0.08333333333333331,-0.08333333333333331
transformer,11,-2,1.6362074613571167,0.052083333333333336,0.3125,0.052083333333333336
transformer,11,-1,0.8461524248123169,0.0,-0.08333333333333331,-0.08333333333333331
transformer,12,-5,1.1858338117599487,0.13541666666666666,0.041666666666666685,0.041666666666666685
transformer,12,-4,0.8440529108047485,0.125,0.0625,0.0625
transformer,12,-3,1.351176381111145,0.2708333333333333,0.125,0.125
transformer,12,-2,1.4268089532852173,0.08333333333333333,0.10416666666666669,0.08333333333333333
transformer,12,-1,0.7793725728988647,0.07291666666666667,-0.16666666666666669,-0.16666666666666669
transformer,13,-5,1.3280792236328125,0.21875,0.14583333333333337,0.14583333333333337
transformer,13,-4,0.9288545250892639,0.07291666666666667,0.25,0.07291666666666667
transformer,13,-3,1.4352271556854248,0.34375,-0.041666666666666685,-0.041666666666666685
transformer,13,-2,1.4319469928741455,0.375,-0.22916666666666669,-0.22916666666666669
transformer,13,-1,0.9390563368797302,0.17708333333333334,0.08333333333333337,0.08333333333333337
transformer,14,-5,1.3038361072540283,0.22916666666666666,-0.062499999999999944,-0.062499999999999944
transformer,14,-4,0.9122334718704224,-0.08333333333333333,-0.041666666666666685,-0.08333333333333333
transformer,14,-3,1.3967862129211426,0.3229166666666667,0.02083333333333337,0.02083333333333337
transformer,14,-2,1.3864635229110718,0.020833333333333332,-0.2708333333333333,-0.2708333333333333
transformer,14,-1,1.018843412399292,-0.22916666666666666,-0.14583333333333331,-0.22916666666666666
transformer,15,-5,1.4753167629241943,0.03125,0.20833333333333337,0.03125
transformer,15,-4,1.1583890914916992,0.020833333333333332,-0.14583333333333331,-0.14583333333333331
transformer,15,-3,1.6182541847229004,0.09375,-0.062499999999999944,-0.062499999999999944
transformer,15,-2,1.5407527685165405,0.3645833333333333,-0.16666666666666669,-0.16666666666666669
transformer,15,-1,1.0139853954315186,-0.34375,-0.22916666666666669,-0.34375
transformer,16,-5,1.436095952987671,0.3125,0.041666666666666685,0.041666666666666685
transformer,16,-4,1.5768176317214966,-0.17708333333333334,0.33333333333333337,-0.17708333333333334
transformer,16,-3,1.5779566764831543,0.16666666666666666,0.10416666666666669,0.10416666666666669
transformer,16,-2,1.5703996419906616,0.041666666666666664,0.02083333333333337,0.02083333333333337
transformer,16,-1,1.0777173042297363,-0.3125,0.33333333333333337,-0.3125
transformer,17,-5,1.5786066055297852,-0.11458333333333333,0.08333333333333337,-0.11458333333333333
transformer,17,-4,1.6937896013259888,-0.0625,0.16666666666666669,-0.0625
transformer,17,-3,1.6383148431777954,0.13541666666666666,-0.20833333333333331,-0.20833333333333331
transformer,17,-2,1.780798077583313,0.22916666666666666,0.10416666666666669,0.10416666666666669
transformer,17,-1,1.1253806352615356,-0.11458333333333333,0.6458333333333334,-0.11458333333333333
transformer,18,-5,1.5444120168685913,0.03125,-0.041666666666666685,-0.041666666666666685
transformer,18,-4,1.8235942125320435,-0.22916666666666666,-0.020833333333333315,-0.22916666666666666
transformer,18,-3,1.624379277229309,0.23958333333333334,0.041666666666666685,0.041666666666666685
transformer,18,-2,1.7452788352966309,0.16666666666666666,-0.3958333333333333,-0.3958333333333333
transformer,18,-1,1.1097357273101807,-0.09375,0.45833333333333337,-0.09375
transformer,19,-5,1.5166165828704834,0.25,0.3125,0.25
transformer,19,-4,1.9859962463378906,-0.4270833333333333,-0.020833333333333315,-0.4270833333333333
transformer,19,-3,1.7136353254318237,0.20833333333333334,0.3541666666666667,0.20833333333333334
transformer,19,-2,1.8021764755249023,-0.4583333333333333,0.0625,-0.4583333333333333
transformer,19,-1,1.0542030334472656,-0.28125,0.20833333333333337,-0.28125
transformer,20,-5,1.6803562641143799,-0.010416666666666666,0.5208333333333334,-0.010416666666666666
transformer,20,-4,1.9727795124053955,-0.21875,-0.10416666666666669,-0.21875
transformer,20,-3,1.7450346946716309,0.2916666666666667,0.14583333333333337,0.14583333333333337
transformer,20,-2,1.8371235132217407,-0.23958333333333334,-0.041666666666666685,-0.23958333333333334
transformer,20,-1,1.0167620182037354,0.08333333333333333,-0.041666666666666685,-0.041666666666666685
transformer,21,-5,1.9247839450836182,-0.041666666666666664,0.33333333333333337,-0.041666666666666664
transformer,21,-4,2.130042314529419,-0.2708333333333333,0.5833333333333334,-0.2708333333333333
transformer,21,-3,1.7594256401062012,0.1875,0.041666666666666685,0.041666666666666685
transformer,21,-2,2.1954500675201416,-0.4895833333333333,0.0625,-0.4895833333333333
transformer,21,-1,1.2178714275360107,-0.25,-0.18749999999999994,-0.25
transformer,22,-5,2.174014091491699,0.03125,0.0,0.0
transformer,22,-4,1.992348313331604,0.020833333333333332,0.14583333333333337,0.020833333333333332
transformer,22,-3,1.8611423969268799,0.15625,-0.18749999999999994,-0.18749999999999994
transformer,22,-2,2.3769638538360596,-0.3020833333333333,0.16666666666666669,-0.3020833333333333
transformer,22,-1,1.2289772033691406,-0.010416666666666666,0.14583333333333337,-0.010416666666666666
transformer,23,-5,2.294890880584717,0.11458333333333333,-0.14583333333333331,-0.14583333333333331
transformer,23,-4,2.157001495361328,-0.07291666666666667,-0.020833333333333315,-0.07291666666666667
transformer,23,-3,1.9309477806091309,0.052083333333333336,-0.08333333333333331,-0.08333333333333331
transformer,23,-2,2.891214370727539,-0.07291666666666667,-0.14583333333333331,-0.14583333333333331
transformer,23,-1,1.4615211486816406,-0.14583333333333334,0.39583333333333337,-0.14583333333333334
transformer,24,-5,2.5136101245880127,0.15625,0.16666666666666669,0.15625
transformer,24,-4,2.3696541786193848,0.125,0.10416666666666669,0.10416666666666669
transformer,24,-3,1.9766831398010254,0.1875,-0.041666666666666685,-0.041666666666666685
transformer,24,-2,3.5287463665008545,0.21875,0.125,0.125
transformer,24,-1,1.7790476083755493,0.125,0.0625,0.0625
transformer,25,-5,2.565905809402466,0.09375,0.22916666666666669,0.09375
transformer,25,-4,2.374746322631836,0.041666666666666664,0.0625,0.041666666666666664
transformer,25,-3,2.055039405822754,0.13541666666666666,0.10416666666666669,0.10416666666666669
transformer,25,-2,3.713223457336426,0.052083333333333336,0.14583333333333337,0.052083333333333336
transformer,25,-1,1.8216193914413452,0.020833333333333332,0.041666666666666685,0.020833333333333332
transformer,26,-5,2.521667242050171,0.0625,0.1875,0.0625
transformer,26,-4,2.507155656814575,0.041666666666666664,0.041666666666666685,0.041666666666666664
transformer,26,-3,2.024843454360962,0.11458333333333333,0.27083333333333337,0.11458333333333333
transformer,26,-2,3.6526756286621094,0.13541666666666666,0.14583333333333337,0.13541666666666666
transformer,26,-1,2.01118540763855,0.20833333333333334,0.0625,0.0625
transformer,27,-5,2.557563543319702,0.11458333333333333,0.041666666666666685,0.041666666666666685
transformer,27,-4,2.6806528568267822,0.0,0.08333333333333337,0.0
transformer,27,-3,2.1413586139678955,0.052083333333333336,-0.041666666666666685,-0.041666666666666685
transformer,27,-2,3.940619945526123,0.07291666666666667,0.0625,0.0625
transformer,27,-1,2.314087152481079,0.052083333333333336,0.1875,0.052083333333333336
transformer,28,-5,2.750965118408203,0.0625,0.125,0.0625
transformer,28,-4,3.058365821838379,0.052083333333333336,0.1875,0.052083333333333336
transformer,28,-3,2.2945492267608643,0.0,0.0625,0.0
transformer,28,-2,3.9044556617736816,-0.010416666666666666,0.02083333333333337,-0.010416666666666666
transformer,28,-1,2.395569086074829,0.03125,0.125,0.03125
transformer,29,-5,3.295197010040283,0.0625,-0.10416666666666669,-0.10416666666666669
transformer,29,-4,3.108274221420288,0.0625,0.041666666666666685,0.041666666666666685
transformer,29,-3,2.652864933013916,0.052083333333333336,0.02083333333333337,0.02083333333333337
transformer,29,-2,4.277437686920166,0.010416666666666666,0.08333333333333337,0.010416666666666666
transformer,29,-1,2.6566362380981445,0.041666666666666664,0.20833333333333337,0.041666666666666664
transformer,30,-5,3.8017995357513428,0.041666666666666664,0.041666666666666685,0.041666666666666664
transformer,30,-4,3.8353545665740967,0.052083333333333336,0.0,0.0
transformer,30,-3,3.0295968055725098,0.0625,0.125,0.0625
transformer,30,-2,5.045029163360596,0.041666666666666664,0.02083333333333337,0.02083333333333337
transformer,30,-1,2.926846504211426,0.041666666666666664,0.125,0.041666666666666664
transformer,31,-5,4.097866535186768,0.010416666666666666,0.041666666666666685,0.010416666666666666
transformer,31,-4,4.204265117645264,0.020833333333333332,0.0625,0.020833333333333332
transformer,31,-3,3.476332902908325,0.03125,0.02083333333333337,0.02083333333333337
transformer,31,-2,5.533428192138672,-0.020833333333333332,0.125,-0.020833333333333332
transformer,31,-1,3.2865095138549805,0.0625,0.14583333333333337,0.0625
transformer,32,-5,4.364895343780518,0.0,0.08333333333333337,0.0
transformer,32,-4,5.031598091125488,-0.041666666666666664,-0.12499999999999994,-0.12499999999999994
transformer,32,-3,4.262962341308594,0.020833333333333332,0.0625,0.020833333333333332
transformer,32,-2,6.3740081787109375,-0.041666666666666664,0.041666666666666685,-0.041666666666666664
transformer,32,-1,3.7608180046081543,0.052083333333333336,0.041666666666666685,0.041666666666666685
transformer,33,-5,4.853477954864502,0.020833333333333332,0.14583333333333337,0.020833333333333332
transformer,33,-4,5.8234734535217285,0.03125,0.0625,0.03125
transformer,33,-3,4.655262470245361,0.020833333333333332,0.0625,0.020833333333333332
transformer,33,-2,6.988889217376709,-0.03125,-0.020833333333333315,-0.03125
transformer,33,-1,4.2817487716674805,0.07291666666666667,0.08333333333333337,0.07291666666666667
transformer,34,-5,6.02883768081665,-0.020833333333333332,0.0,-0.020833333333333332
transformer,34,-4,7.270498752593994,0.041666666666666664,0.10416666666666669,0.041666666666666664
transformer,34,-3,5.8384857177734375,0.0,0.0625,0.0
transformer,34,-2,9.071000099182129,-0.052083333333333336,0.0,-0.052083333333333336
transformer,34,-1,5.13260555267334,0.03125,0.14583333333333337,0.03125
transformer,35,-5,7.967230319976807,0.03125,0.0,0.0
transformer,35,-4,10.089573860168457,0.0,-0.020833333333333315,-0.020833333333333315
transformer,35,-3,6.310118198394775,0.020833333333333332,0.08333333333333337,0.020833333333333332
transformer,35,-2,12.140193939208984,0.0,0.10416666666666669,0.0
transformer,35,-1,5.563155174255371,0.041666666666666664,0.02083333333333337,0.02083333333333337
unet,0,-5,0.11333192139863968,-0.020833333333333332,-0.2916666666666667,-0.2916666666666667
unet,0,-4,0.06286589056253433,-0.041666666666666664,0.041666666666666664,-0.041666666666666664
unet,0,-3,0.12091821432113647,0.052083333333333336,-0.14583333333333334,-0.14583333333333334
unet,0,-2,0.0849573016166687,-0.041666666666666664,-0.08333333333333333,-0.08333333333333333
unet,0,-1,0.08428917080163956,0.0,0.020833333333333336,0.0
unet,1,-5,0.20899000763893127,-0.0625,-0.0625,-0.0625
unet,1,-4,0.08082958310842514,0.09375,0.14583333333333334,0.09375
unet,1,-3,0.18420149385929108,0.041666666666666664,0.041666666666666664,0.041666666666666664
unet,1,-2,0.10098103433847427,-0.052083333333333336,-0.1875,-0.1875
unet,1,-1,0.09719206392765045,-0.010416666666666666,0.0,-0.010416666666666666
unet,2,-5,0.22552309930324554,0.052083333333333336,-0.625,-0.625
unet,2,-4,0.10325106233358383,-0.09375,0.125,-0.09375
unet,2,-3,0.2028712034225464,-0.09375,-1.4375,-1.4375
unet,2,-2,0.15316088497638702,0.0,0.0,0.0
unet,2,-1,0.12427159398794174,0.125,-0.08333333333333333,-0.08333333333333333
unet,3,-5,0.8914909958839417,0.03125,0.08333333333333334,0.03125
unet,3,-4,0.15340520441532135,-0.020833333333333332,-0.4375,-0.4375
unet,3,-3,0.5192512273788452,0.09375,-0.16666666666666666,-0.16666666666666666
unet,3,-2,0.4686849117279053,0.25,0.0,0.0
unet,3,-1,0.25600889325141907,0.09375,-0.39583333333333337,-0.39583333333333337
unet,4,-5,0.9445773959159851,-0.19791666666666666,0.14583333333333334,-0.19791666666666666
unet,4,-4,0.2909333109855652,-0.125,0.7708333333333334,-0.125
unet,4,-3,0.7072547078132629,-0.20833333333333334,0.29166666666666663,-0.20833333333333334
unet,4,-2,0.5699102282524109,0.07291666666666667,-0.16666666666666666,-0.16666666666666666
unet,4,-1,0.3349366784095764,-0.052083333333333336,0.2708333333333333,-0.052083333333333336
unet,5,-5,1.0520079135894775,-0.1875,0.35416666666666663,-0.1875
unet,5,-4,0.4993553161621094,0.125,0.3125,0.125
unet,5,-3,0.7683247923851013,-0.052083333333333336,0.08333333333333334,-0.052083333333333336
unet,5,-2,0.9475071430206299,0.0,0.08333333333333334,0.0
unet,5,-1,0.4057275652885437,0.0625,0.020833333333333336,0.020833333333333336
unet,6,-5,1.0456982851028442,-0.2604166666666667,0.25,-0.2604166666666667
unet,6,-4,0.6191018223762512,0.3541666666666667,0.22916666666666666,0.22916666666666666
unet,6,-3,0.882355272769928,0.020833333333333332,0.14583333333333334,0.020833333333333332
unet,6,-2,0.9410018920898438,0.041666666666666664,-0.20833333333333331,-0.20833333333333331
unet,6,-1,0.5097870826721191,0.08333333333333333,0.3125,0.08333333333333333
unet,7,-5,1.1399641036987305,-0.13541666666666666,-0.125,-0.13541666666666666
unet,7,-4,0.7072149515151978,-0.11458333333333333,0.22916666666666666,-0.11458333333333333
unet,7,-3,1.009082317352295,0.010416666666666666,0.25,0.010416666666666666
unet,7,-2,0.8983686566352844,-0.15625,-0.25,-0.25
unet,7,-1,0.5400521159172058,-0.010416666666666666,0.08333333333333334,-0.010416666666666666
unet,8,-5,1.1893826723098755,-0.08333333333333333,-0.14583333333333334,-0.14583333333333334
unet,8,-4,0.7687972187995911,-0.13541666666666666,0.22916666666666666,-0.13541666666666666
unet,8,-3,1.0548588037490845,0.10416666666666667,-0.0625,-0.0625
unet,8,-2,0.8706485033035278,0.041666666666666664,-0.08333333333333333,-0.08333333333333333
unet,8,-1,0.6813109517097473,-0.08333333333333333,-0.10416666666666666,-0.10416666666666666
unet,9,-5,1.1621345281600952,0.17708333333333334,-0.16666666666666666,-0.16666666666666666
unet,9,-4,0.7407481670379639,-0.13541666666666666,-0.3125,-0.3125
unet,9,-3,1.0465930700302124,0.20833333333333334,0.10416666666666669,0.10416666666666669
unet,9,-2,0.855467677116394,-0.041666666666666664,-0.041666666666666664,-0.041666666666666664
unet,9,-1,0.6968992948532104,0.03125,-0.10416666666666666,-0.10416666666666666
unet,10,-5,1.0933494567871094,0.25,-0.10416666666666666,-0.10416666666666666
unet,10,-4,0.7319705486297607,0.0625,-0.25,-0.25
unet,10,-3,1.0019643306732178,0.25,0.08333333333333334,0.08333333333333334
unet,10,-2,1.1260895729064941,0.10416666666666667,0.10416666666666669,0.10416666666666667
unet,10,-1,0.6428342461585999,-0.14583333333333334,-0.125,-0.14583333333333334
unet,11,-5,1.1046078205108643,0.07291666666666667,0.0,0.0
unet,11,-4,0.7441257834434509,0.10416666666666667,-0.0625,-0.0625
unet,11,-3,1.0235880613327026,0.17708333333333334,-0.020833333333333332,-0.020833333333333332
unet,11,-2,1.143484115600586,-0.052083333333333336,0.1875,-0.052083333333333336
unet,11,-1,0.6765456795692444,0.020833333333333332,0.041666666666666664,0.020833333333333332
unet,12,-5,1.052993893623352,0.052083333333333336,0.0,0.0
unet,12,-4,0.7099504470825195,-0.10416666666666667,-0.08333333333333333,-0.10416666666666667
unet,12,-3,0.9967402815818787,0.3333333333333333,0.29166666666666663,0.29166666666666663
unet,12,-2,1.014803171157837,0.010416666666666666,-0.1875,-0.1875
unet,12,-1,0.6510932445526123,-0.0625,0.25,-0.0625
unet,13,-5,1.1093838214874268,0.11458333333333333,0.14583333333333334,0.11458333333333333
unet,13,-4,0.7765660285949707,-0.020833333333333332,-0.16666666666666666,-0.16666666666666666
unet,13,-3,1.0855731964111328,0.3229166666666667,-0.08333333333333333,-0.08333333333333333
unet,13,-2,1.0800713300704956,0.10416666666666667,-0.125,-0.125
unet,13,-1,0.7329699397087097,-0.052083333333333336,-0.08333333333333333,-0.08333333333333333
unet,14,-5,1.1290309429168701,0.11458333333333333,-0.08333333333333333,-0.08333333333333333
unet,14,-4,0.793512225151062,-0.10416666666666667,0.375,-0.10416666666666667
unet,14,-3,1.0953847169876099,0.2604166666666667,0.16666666666666669,0.16666666666666669
unet,14,-2,1.0421627759933472,-0.11458333333333333,-0.2708333333333333,-0.2708333333333333
unet,14,-1,0.7854326367378235,-0.15625,-0.020833333333333332,-0.15625
unet,15,-5,1.2300915718078613,0.0625,-0.08333333333333333,-0.08333333333333333
unet,15,-4,1.0041872262954712,-0.28125,-0.3541666666666667,-0.3541666666666667
unet,15,-3,1.339345097541809,-0.052083333333333336,0.14583333333333334,-0.052083333333333336
unet,15,-2,1.1716080904006958,0.09375,-0.14583333333333334,-0.14583333333333334
unet,15,-1,0.8007687926292419,-0.2604166666666667,-0.22916666666666666,-0.2604166666666667
unet,16,-5,1.2309831380844116,0.17708333333333334,-0.08333333333333333,-0.08333333333333333
unet,16,-4,1.3168631792068481,-0.20833333333333334,0.10416666666666669,-0.20833333333333334
unet,16,-3,1.3172869682312012,0.08333333333333333,0.125,0.08333333333333333
unet,16,-2,1.1999363899230957,0.10416666666666667,0.125,0.10416666666666667
unet,16,-1,0.9193202257156372,-0.08333333333333333,0.0,-0.08333333333333333
unet,17,-5,1.2772271633148193,-0.020833333333333332,0.22916666666666666,-0.020833333333333332
unet,17,-4,1.3365460634231567,0.125,0.041666666666666664,0.041666666666666664
unet,17,-3,1.4781782627105713,0.21875,0.0,0.0
unet,17,-2,1.4044320583343506,-0.07291666666666667,0.0625,-0.07291666666666667
unet,17,-1,0.9282107353210449,-0.052083333333333336,0.0625,-0.052083333333333336
unet,18,-5,1.3224807977676392,0.08333333333333333,0.0,0.0
unet,18,-4,1.4886555671691895,0.19791666666666666,0.0625,0.0625
unet,18,-3,1.4326732158660889,0.09375,0.0625,0.0625
unet,18,-2,1.403348445892334,0.10416666666666667,-0.8958333333333333,-0.8958333333333333
unet,18,-1,0.9464213848114014,-0.2604166666666667,0.20833333333333334,-0.2604166666666667
unet,19,-5,1.3036166429519653,0.125,0.41666666666666663,0.125
unet,19,-4,1.670434832572937,-0.125,-0.020833333333333332,-0.125
unet,19,-3,1.5199087858200073,0.34375,0.125,0.125
unet,19,-2,1.5035816431045532,-0.3541666666666667,-0.3541666666666667,-0.3541666666666667
unet,19,-1,0.9195345640182495,-0.21875,-0.14583333333333334,-0.21875
unet,20,-5,1.4195438623428345,0.10416666666666667,0.22916666666666666,0.10416666666666667
unet,20,-4,1.7595460414886475,0.15625,-0.20833333333333331,-0.20833333333333331
unet,20,-3,1.5129374265670776,0.3020833333333333,-0.0625,-0.0625
unet,20,-2,1.4468744993209839,0.0,-0.1875,-0.1875
unet,20,-1,0.9302369952201843,-0.07291666666666667,-0.25,-0.25
unet,21,-5,1.6094036102294922,-0.11458333333333333,0.0625,-0.11458333333333333
unet,21,-4,1.8512048721313477,-0.17708333333333334,-0.16666666666666666,-0.17708333333333334
unet,21,-3,1.5253381729125977,0.041666666666666664,-0.14583333333333334,-0.14583333333333334
unet,21,-2,1.7343113422393799,-0.2708333333333333,0.1875,-0.2708333333333333
unet,21,-1,1.0556448698043823,-0.14583333333333334,-0.6458333333333333,-0.6458333333333333
unet,22,-5,1.809910774230957,-0.10416666666666667,-0.041666666666666664,-0.10416666666666667
unet,22,-4,1.794828176498413,0.10416666666666667,0.125,0.10416666666666667
unet,22,-3,1.5748660564422607,-0.010416666666666666,-0.0625,-0.0625
unet,22,-2,1.8980966806411743,-0.09375,0.041666666666666664,-0.09375
unet,22,-1,1.1017940044403076,0.03125,0.10416666666666669,0.03125
unet,23,-5,1.9671355485916138,0.10416666666666667,-0.2291666716337204,-0.2291666716337204
unet,23,-4,1.972886562347412,-0.14583333333333334,0.20833333333333334,-0.14583333333333334
unet,23,-3,1.6090196371078491,0.03125,-0.020833333333333332,-0.020833333333333332
unet,23,-2,2.2723639011383057,0.041666666666666664,-0.20833333333333331,-0.20833333333333331
unet,23,-1,1.3398933410644531,-0.08333333333333333,0.25,-0.08333333333333333
unet,24,-5,2.203542947769165,0.16666666666666666,-0.12500000993410745,-0.12500000993410745
unet,24,-4,2.2136597633361816,0.03125,-0.0625,-0.0625
unet,24,-3,1.6577123403549194,0.052083333333333336,-0.14583333333333334,-0.14583333333333334
unet,24,-2,2.666221857070923,0.08333333333333333,-0.14583333333333334,-0.14583333333333334
unet,24,-1,1.6664124727249146,0.19791666666666666,0.14583333333333334,0.14583333333333334
unet,25,-5,2.1839823722839355,0.08333333333333333,-0.10416666666666666,-0.10416666666666666
unet,25,-4,2.2725138664245605,-0.11458333333333333,0.020833333333333336,-0.11458333333333333
unet,25,-3,1.669681191444397,0.041666666666666664,0.041666666666666664,0.041666666666666664
unet,25,-2,2.835066556930542,0.07291666666666667,0.0,0.0
unet,25,-1,1.839834451675415,0.25,0.125,0.125
unet,26,-5,2.200179100036621,0.0625,-0.020833333333333332,-0.020833333333333332
unet,26,-4,2.4396212100982666,-0.010416666666666666,0.08333333333333334,-0.010416666666666666
unet,26,-3,1.6649630069732666,-0.010416666666666666,0.10416666666666669,-0.010416666666666666
unet,26,-2,2.7832295894622803,0.03125,0.08333333333333334,0.03125
unet,26,-1,2.0475683212280273,0.125,0.0625,0.0625
unet,27,-5,2.2554354667663574,0.020833333333333332,0.10416666666666669,0.020833333333333332
unet,27,-4,2.500086545944214,0.0625,-0.10416666666666666,-0.10416666666666666
unet,27,-3,1.7368261814117432,-0.03125,0.08333333333333334,-0.03125
unet,27,-2,3.035505533218384,0.03125,-0.041666666666666664,-0.041666666666666664
unet,27,-1,2.6518397331237793,0.052083333333333336,0.0625,0.052083333333333336
unet,28,-5,2.3257930278778076,0.010416666666666666,-0.020833333333333332,-0.020833333333333332
unet,28,-4,2.7184181213378906,0.052083333333333336,-0.041666666666666664,-0.041666666666666664
unet,28,-3,1.9269407987594604,0.020833333333333332,0.0625,0.020833333333333332
unet,28,-2,3.193039655685425,-0.010416666666666666,0.125,-0.010416666666666666
unet,28,-1,2.8498482704162598,-0.010416666666666666,0.020833333333333336,-0.010416666666666666
unet,29,-5,2.769360303878784,0.052083333333333336,0.020833333333333336,0.020833333333333336
unet,29,-4,2.8418710231781006,0.010416666666666666,-0.041666666666666664,-0.041666666666666664
unet,29,-3,2.174118995666504,0.03125,0.0,0.0
unet,29,-2,3.3645565509796143,0.07291666666666667,0.020833333333333336,0.020833333333333336
unet,29,-1,3.0044004917144775,0.052083333333333336,0.125,0.052083333333333336
unet,30,-5,3.064992666244507,0.03125,-0.041666666666666664,-0.041666666666666664
unet,30,-4,3.2800674438476562,0.052083333333333336,-0.020833333333333332,-0.020833333333333332
unet,30,-3,2.487833261489868,0.052083333333333336,0.020833333333333336,0.020833333333333336
unet,30,-2,4.169545650482178,0.010416666666666666,0.041666666666666664,0.010416666666666666
unet,30,-1,3.184497833251953,0.010416666666666666,0.041666666666666664,0.010416666666666666
unet,31,-5,3.701425552368164,-0.052083333333333336,0.020833333333333336,-0.052083333333333336
unet,31,-4,3.698155641555786,-0.010416666666666666,0.10416666666666669,-0.010416666666666666
unet,31,-3,3.054297924041748,0.0,0.0,0.0
unet,31,-2,4.567498683929443,-0.010416666666666666,0.0625,-0.010416666666666666
unet,31,-1,3.400113344192505,0.07291666666666667,0.08333333333333334,0.07291666666666667
unet,32,-5,4.0640668869018555,-0.041666666666666664,0.0,-0.041666666666666664
unet,32,-4,4.44489860534668,-0.03125,0.08333333333333334,-0.03125
unet,32,-3,3.67516827583313,0.03125,0.020833333333333336,0.020833333333333336
unet,32,-2,5.496931552886963,-0.041666666666666664,0.041666666666666664,-0.041666666666666664
unet,32,-1,3.761244535446167,0.0625,0.020833333333333336,0.020833333333333336
unet,33,-5,4.165623188018799,0.020833333333333332,-0.041666666666666664,-0.041666666666666664
unet,33,-4,5.272439956665039,0.010416666666666666,0.0,0.0
unet,33,-3,3.9540112018585205,0.020833333333333332,-0.020833333333333332,-0.020833333333333332
unet,33,-2,6.216391563415527,0.010416666666666666,0.10416666666666669,0.010416666666666666
unet,33,-1,4.09960412979126,0.03125,-0.020833333333333332,-0.020833333333333332
unet,34,-5,4.779776096343994,-0.010416666666666666,0.0625,-0.010416666666666666
unet,34,-4,6.452361106872559,0.041666666666666664,-0.020833333333333332,-0.020833333333333332
unet,34,-3,5.130716800689697,0.0625,-0.041666666666666664,-0.041666666666666664
unet,34,-2,8.00260066986084,-0.020833333333333332,0.10416666666666669,-0.020833333333333332
unet,34,-1,5.078700065612793,0.041666666666666664,0.0625,0.041666666666666664
unet,35,-5,6.227668762207031,0.0625,0.125,0.0625
unet,35,-4,8.342961311340332,0.03125,-0.020833333333333332,-0.020833333333333332
unet,35,-3,5.358439922332764,0.010416666666666666,0.10416666666666669,0.010416666666666666
unet,35,-2,10.118593215942383,0.0,0.0625,0.0
unet,35,-1,5.480271816253662,0.020833333333333332,0.08333333333333334,0.020833333333333332
