kind,seed,source,addition_effect,aggregate_mean
random,0,anchorshift,-0.203125,-0.19628906901925802
random,0,driftgate,-0.03125,-0.19628906901925802
random,0,fluxpatch,-0.265625,-0.19628906901925802
random,0,motifbridge,-0.1718749925494194,-0.19628906901925802
random,0,phasenest,-0.234375,-0.19628906901925802
random,0,phasesar,-0.046875059604644775,-0.19628906901925802
random,0,quorumweave,-0.3203125,-0.19628906901925802
random,0,shardbloom,-0.296875,-0.19628906901925802
random,1,anchorshift,-0.1171875,-7.450580596923828e-09
random,1,driftgate,0.03125,-7.450580596923828e-09
random,1,fluxpatch,0.1718750074505806,-7.450580596923828e-09
random,1,motifbridge,0.1875000074505806,-7.450580596923828e-09
random,1,phasenest,-0.031250014901161194,-7.450580596923828e-09
random,1,phasesar,0.07812494039535522,-7.450580596923828e-09
random,1,quorumweave,-0.1640625,-7.450580596923828e-09
random,1,shardbloom,-0.15625,-7.450580596923828e-09
random,2,anchorshift,0.0390625,-0.010742207989096642
random,2,driftgate,-0.203125,-0.010742207989096642
random,2,fluxpatch,-0.0468749925494194,-0.010742207989096642
random,2,motifbridge,-0.015624992549419403,-0.010742207989096642
random,2,phasenest,0.09375,-0.010742207989096642
random,2,phasesar,0.14062482118606567,-0.010742207989096642
random,2,quorumweave,-0.15625,-0.010742207989096642
random,2,shardbloom,0.0625,-0.010742207989096642
random,3,anchorshift,-0.125,-0.18652345053851604
random,3,driftgate,-0.25,-0.18652345053851604
random,3,fluxpatch,-0.2812499925494194,-0.18652345053851604
random,3,motifbridge,-0.0937499925494194,-0.18652345053851604
random,3,phasenest,-0.25,-0.18652345053851604
random,3,phasesar,-0.12500011920928955,-0.18652345053851604
random,3,quorumweave,-0.2734375,-0.18652345053851604
random,3,shardbloom,-0.09375,-0.18652345053851604
random,4,anchorshift,-0.0546875,0.041992174461483955
random,4,driftgate,0.17187494039535522,0.041992174461483955
random,4,fluxpatch,0.03125002235174179,0.041992174461483955
random,4,motifbridge,-0.0625000074505806,0.041992174461483955
random,4,phasenest,-0.046875,0.041992174461483955
random,4,phasesar,0.12499994039535522,0.041992174461483955
random,4,quorumweave,-0.015625,0.041992174461483955
random,4,shardbloom,0.1875,0.041992174461483955
random,5,anchorshift,-0.35937511920928955,-0.09765627142041922
random,5,driftgate,0.171875,-0.09765627142041922
random,5,fluxpatch,0.03125,-0.09765627142041922
random,5,motifbridge,7.450580596923828e-09,-0.09765627142041922
random,5,phasenest,-0.15625,-0.09765627142041922
random,5,phasesar,0.062499940395355225,-0.09765627142041922
random,5,quorumweave,-0.234375,-0.09765627142041922
random,5,shardbloom,-0.296875,-0.09765627142041922
random,6,anchorshift,0.0546875,-0.14160156529396772
random,6,driftgate,-0.12499997019767761,-0.14160156529396772
random,6,fluxpatch,-0.3281249925494194,-0.14160156529396772
random,6,motifbridge,-0.140625,-0.14160156529396772
random,6,phasenest,-0.28125,-0.14160156529396772
random,6,phasesar,-0.18750005960464478,-0.14160156529396772
random,6,quorumweave,-0.0625,-0.14160156529396772
random,6,shardbloom,-0.0625,-0.14160156529396772
random,7,anchorshift,0.046875,-0.01953127048909664
random,7,driftgate,-0.125,-0.01953127048909664
random,7,fluxpatch,0.0468750074505806,-0.01953127048909664
random,7,motifbridge,0.0312500074505806,-0.01953127048909664
random,7,phasenest,-0.109375,-0.01953127048909664
random,7,phasesar,0.09374982118606567,-0.01953127048909664
random,7,quorumweave,-0.078125,-0.01953127048909664
random,7,shardbloom,-0.0625,-0.01953127048909664
random,8,anchorshift,-0.28125,-0.18847657088190317
random,8,driftgate,-0.25,-0.18847657088190317
random,8,fluxpatch,-0.4374999925494194,-0.18847657088190317
random,8,motifbridge,-0.125,-0.18847657088190317
random,8,phasenest,-0.2343750149011612,-0.18847657088190317
random,8,phasesar,-0.046875059604644775,-0.18847657088190317
random,8,quorumweave,-0.2265625,-0.18847657088190317
random,8,shardbloom,0.09375,-0.18847657088190317
random,9,anchorshift,-0.16406261920928955,-0.048828148283064365
random,9,driftgate,0.265625,-0.048828148283064365
random,9,fluxpatch,-0.1718749925494194,-0.048828148283064365
random,9,motifbridge,-0.109375,-0.048828148283064365
random,9,phasenest,-0.1093750149011612,-0.048828148283064365
random,9,phasesar,0.015624940395355225,-0.048828148283064365
random,9,quorumweave,-0.0859375,-0.048828148283064365
random,9,shardbloom,-0.03125,-0.048828148283064365
random,10,anchorshift,-0.203125,-0.13281250651925802
random,10,driftgate,0.09375,-0.13281250651925802
random,10,fluxpatch,-0.109375,-0.13281250651925802
random,10,motifbridge,-0.1406249925494194,-0.13281250651925802
random,10,phasenest,-0.265625,-0.13281250651925802
random,10,phasesar,-0.15625005960464478,-0.13281250651925802
random,10,quorumweave,-0.25,-0.13281250651925802
random,10,shardbloom,-0.03125,-0.13281250651925802
random,11,anchorshift,-0.09375,-0.06152344215661287
random,11,driftgate,0.015625,-0.06152344215661287
random,11,fluxpatch,-0.09375,-0.06152344215661287
random,11,motifbridge,0.1718750223517418,-0.06152344215661287
random,11,phasenest,-0.203125,-0.06152344215661287
random,11,phasesar,-0.046875059604644775,-0.06152344215661287
random,11,quorumweave,-0.2109375,-0.06152344215661287
random,11,shardbloom,-0.03125,-0.06152344215661287
random,12,anchorshift,-0.0078125,-0.07910156715661287
random,12,driftgate,0.0,-0.07910156715661287
random,12,fluxpatch,-0.28125,-0.07910156715661287
random,12,motifbridge,-0.18750003725290298,-0.07910156715661287
random,12,phasenest,0.03125,-0.07910156715661287
random,12,phasesar,0.03125,-0.07910156715661287
random,12,quorumweave,-0.125,-0.07910156715661287
random,12,shardbloom,-0.09375,-0.07910156715661287
random,13,anchorshift,-0.015625,-0.0322265699505806
random,13,driftgate,-0.28125,-0.0322265699505806
random,13,fluxpatch,-0.0625,-0.0322265699505806
random,13,motifbridge,0.0,-0.0322265699505806
random,13,phasenest,-0.125,-0.0322265699505806
random,13,phasesar,0.17187494039535522,-0.0322265699505806
random,13,quorumweave,0.0703125,-0.0322265699505806
random,13,shardbloom,-0.015625,-0.0322265699505806
random,14,anchorshift,0.0546875,0.053710934706032276
random,14,driftgate,0.015625029802322388,0.053710934706032276
random,14,fluxpatch,0.015625,0.053710934706032276
random,14,motifbridge,0.015625007450580597,0.053710934706032276
random,14,phasenest,0.046875,0.053710934706032276
random,14,phasesar,0.2968749403953552,0.053710934706032276
random,14,quorumweave,-0.03125,0.053710934706032276
random,14,shardbloom,0.015625,0.053710934706032276
random,15,anchorshift,0.1328125,0.05371091328561306
random,15,driftgate,-0.125,0.05371091328561306
random,15,fluxpatch,-7.450580596923828e-09,0.05371091328561306
random,15,motifbridge,0.015625007450580597,0.05371091328561306
random,15,phasenest,0.0781249850988388,0.05371091328561306
random,15,phasesar,0.12499982118606567,0.05371091328561306
random,15,quorumweave,0.21875,0.05371091328561306
random,15,shardbloom,-0.015625,0.05371091328561306
random,16,anchorshift,0.2890625,0.25488279946148396
random,16,driftgate,0.34375,0.25488279946148396
random,16,fluxpatch,0.421875,0.25488279946148396
random,16,motifbridge,0.2500000149011612,0.25488279946148396
random,16,phasenest,0.28125,0.25488279946148396
random,16,phasesar,0.22656238079071045,0.25488279946148396
random,16,quorumweave,0.0546875,0.25488279946148396
random,16,shardbloom,0.171875,0.25488279946148396
random,17,anchorshift,0.015625,-0.029296888038516045
random,17,driftgate,-0.125,-0.029296888038516045
random,17,fluxpatch,-0.0624999925494194,-0.029296888038516045
random,17,motifbridge,-0.0468749925494194,-0.029296888038516045
random,17,phasenest,-0.03125,-0.029296888038516045
random,17,phasesar,0.24218738079071045,-0.029296888038516045
random,17,quorumweave,-0.1953125,-0.029296888038516045
random,17,shardbloom,-0.03125,-0.029296888038516045
random,18,anchorshift,-0.0390625,-0.03222658019512892
random,18,driftgate,0.203125,-0.03222658019512892
random,18,fluxpatch,-0.0625,-0.03222658019512892
random,18,motifbridge,0.1093749925494194,-0.03222658019512892
random,18,phasenest,-0.1875000149011612,-0.03222658019512892
random,18,phasesar,-0.10937511920928955,-0.03222658019512892
random,18,quorumweave,-0.15625,-0.03222658019512892
random,18,shardbloom,-0.015625,-0.03222658019512892
random,19,anchorshift,0.0,-0.07031251676380634
random,19,driftgate,0.015624940395355225,-0.07031251676380634
random,19,fluxpatch,0.0781249925494194,-0.07031251676380634
random,19,motifbridge,-0.0468749925494194,-0.07031251676380634
random,19,phasenest,-0.2812500149011612,-0.07031251676380634
random,19,phasesar,-0.031250059604644775,-0.07031251676380634
random,19,quorumweave,-0.296875,-0.07031251676380634
random,19,shardbloom,0.0,-0.07031251676380634
random,20,anchorshift,-0.0625,-0.0703125074505806
random,20,driftgate,0.34375,-0.0703125074505806
random,20,fluxpatch,-0.3437500074505806,-0.0703125074505806
random,20,motifbridge,-0.1874999925494194,-0.0703125074505806
random,20,phasenest,-0.140625,-0.0703125074505806
random,20,phasesar,0.031249940395355225,-0.0703125074505806
random,20,quorumweave,-0.140625,-0.0703125074505806
random,20,shardbloom,-0.0625,-0.0703125074505806
random,21,anchorshift,-0.0078125,-0.060546877793967724
random,21,driftgate,0.06250002980232239,-0.060546877793967724
random,21,fluxpatch,-0.203125,-0.060546877793967724
random,21,motifbridge,-0.1874999925494194,-0.060546877793967724
random,21,phasenest,-0.046875,-0.060546877793967724
random,21,phasesar,0.046874940395355225,-0.060546877793967724
random,21,quorumweave,0.0078125,-0.060546877793967724
random,21,shardbloom,-0.15625,-0.060546877793967724
random,22,anchorshift,0.1328125,-0.017578125931322575
random,22,driftgate,-0.09375005960464478,-0.017578125931322575
random,22,fluxpatch,0.1406250074505806,-0.017578125931322575
random,22,motifbridge,-0.06249995529651642,-0.017578125931322575
random,22,phasenest,0.0625,-0.017578125931322575
random,22,phasesar,-0.03125,-0.017578125931322575
random,22,quorumweave,-0.1328125,-0.017578125931322575
random,22,shardbloom,-0.15625,-0.017578125931322575
random,23,anchorshift,0.0078125,0.015624995343387127
random,23,driftgate,-0.046875,0.015624995343387127
random,23,fluxpatch,0.046875,0.015624995343387127
random,23,motifbridge,-0.0937499925494194,0.015624995343387127
random,23,phasenest,0.1562500149011612,0.015624995343387127
random,23,phasesar,0.23437494039535522,0.015624995343387127
random,23,quorumweave,-0.2734375,0.015624995343387127
random,23,shardbloom,0.09375,0.015624995343387127
random,24,anchorshift,-0.0078125,-0.009765625
random,24,driftgate,-0.21874994039535522,-0.009765625
random,24,fluxpatch,0.0625,-0.009765625
random,24,motifbridge,-0.078125,-0.009765625
random,24,phasenest,0.109375,-0.009765625
random,24,phasesar,0.031249940395355225,-0.009765625
random,24,quorumweave,0.0546875,-0.009765625
random,24,shardbloom,-0.03125,-0.009765625
random,25,anchorshift,0.2265625,0.1865234337747097
random,25,driftgate,0.265625,0.1865234337747097
random,25,fluxpatch,0.375,0.1865234337747097
random,25,motifbridge,0.0781250149011612,0.1865234337747097
random,25,phasenest,0.1562500149011612,0.1865234337747097
random,25,phasesar,0.2812499403953552,0.1865234337747097
random,25,quorumweave,0.0,0.1865234337747097
random,25,shardbloom,0.109375,0.1865234337747097
random,26,anchorshift,0.0,0.08886718656867743
random,26,driftgate,0.390625,0.08886718656867743
random,26,fluxpatch,0.0625,0.08886718656867743
random,26,motifbridge,0.2187499925494194,0.08886718656867743
random,26,phasenest,0.046875,0.08886718656867743
random,26,phasesar,0.125,0.08886718656867743
random,26,quorumweave,-0.0390625,0.08886718656867743
random,26,shardbloom,-0.09375,0.08886718656867743
random,27,anchorshift,0.0078125,-0.07226562406867743
random,27,driftgate,-0.031249940395355225,-0.07226562406867743
random,27,fluxpatch,-0.265625,-0.07226562406867743
random,27,motifbridge,-0.1406249925494194,-0.07226562406867743
random,27,phasenest,-0.046875,-0.07226562406867743
random,27,phasesar,0.046874940395355225,-0.07226562406867743
random,27,quorumweave,-0.1796875,-0.07226562406867743
random,27,shardbloom,0.03125,-0.07226562406867743
random,28,anchorshift,0.0,0.012695305049419403
random,28,driftgate,-0.23437505960464478,0.012695305049419403
random,28,fluxpatch,0.09375,0.012695305049419403
random,28,motifbridge,0.09375,0.012695305049419403
random,28,phasenest,0.0625,0.012695305049419403
random,28,phasesar,0.09374988079071045,0.012695305049419403
random,28,quorumweave,-0.1171875,0.012695305049419403
random,28,shardbloom,0.10937511920928955,0.012695305049419403
random,29,anchorshift,-0.1171875,-0.1835937611758709
random,29,driftgate,-2.9802322387695312e-08,-0.1835937611758709
random,29,fluxpatch,-0.09375,-0.1835937611758709
random,29,motifbridge,-0.4375,-0.1835937611758709
random,29,phasenest,-0.28125,-0.1835937611758709
random,29,phasesar,-0.07812505960464478,-0.1835937611758709
random,29,quorumweave,-0.3515625,-0.1835937611758709
random,29,shardbloom,-0.109375,-0.1835937611758709
random,30,anchorshift,-0.109375,0.01855467911809683
random,30,driftgate,0.234375,0.01855467911809683
random,30,fluxpatch,0.031249992549419403,0.01855467911809683
random,30,motifbridge,0.3125,0.01855467911809683
random,30,phasenest,-0.09375,0.01855467911809683
random,30,phasesar,0.031249940395355225,0.01855467911809683
random,30,quorumweave,-0.1484375,0.01855467911809683
random,30,shardbloom,-0.109375,0.01855467911809683
random,31,anchorshift,-0.015625,-0.0175781287252903
random,31,driftgate,0.0625,-0.0175781287252903
random,31,fluxpatch,-0.0468749925494194,-0.0175781287252903
random,31,motifbridge,-0.2812499925494194,-0.0175781287252903
random,31,phasenest,-0.0781249850988388,-0.0175781287252903
random,31,phasesar,0.20312494039535522,-0.0175781287252903
random,31,quorumweave,-0.0625,-0.0175781287252903
random,31,shardbloom,0.078125,-0.0175781287252903
random,32,anchorshift,-0.0859375,-0.07226562779396772
random,32,driftgate,-0.265625,-0.07226562779396772
random,32,fluxpatch,-0.062499985098838806,-0.07226562779396772
random,32,motifbridge,-0.0937499925494194,-0.07226562779396772
random,32,phasenest,-0.062499985098838806,-0.07226562779396772
random,32,phasesar,0.046874940395355225,-0.07226562779396772
random,32,quorumweave,-0.0546875,-0.07226562779396772
random,32,shardbloom,0.0,-0.07226562779396772
random,33,anchorshift,0.3671875,0.15722653921693563
random,33,driftgate,-0.203125,0.15722653921693563
random,33,fluxpatch,0.0937499925494194,0.15722653921693563
random,33,motifbridge,0.1562499850988388,0.15722653921693563
random,33,phasenest,0.2812500149011612,0.15722653921693563
random,33,phasesar,0.18749982118606567,0.15722653921693563
random,33,quorumweave,0.140625,0.15722653921693563
random,33,shardbloom,0.234375,0.15722653921693563
random,34,anchorshift,-0.09375,-0.02050782646983862
random,34,driftgate,-0.015625,-0.02050782646983862
random,34,fluxpatch,0.0,-0.02050782646983862
random,34,motifbridge,-0.015624992549419403,-0.02050782646983862
random,34,phasenest,0.03125,-0.02050782646983862
random,34,phasesar,0.07812488079071045,-0.02050782646983862
random,34,quorumweave,-0.0703125,-0.02050782646983862
random,34,shardbloom,-0.078125,-0.02050782646983862
random,35,anchorshift,0.03125,0.031249992549419403
random,35,driftgate,0.0625,0.031249992549419403
random,35,fluxpatch,0.1406249925494194,0.031249992549419403
random,35,motifbridge,7.450580596923828e-09,0.031249992549419403
random,35,phasenest,0.046875,0.031249992549419403
random,35,phasesar,0.10937494039535522,0.031249992549419403
random,35,quorumweave,-0.109375,0.031249992549419403
random,35,shardbloom,-0.03125,0.031249992549419403
random,36,anchorshift,0.0625,0.07324216794222593
random,36,driftgate,0.1875,0.07324216794222593
random,36,fluxpatch,0.15625,0.07324216794222593
random,36,motifbridge,-0.07812496274709702,0.07324216794222593
random,36,phasenest,-0.0781250149011612,0.07324216794222593
random,36,phasesar,0.24999982118606567,0.07324216794222593
random,36,quorumweave,0.0,0.07324216794222593
random,36,shardbloom,0.0859375,0.07324216794222593
random,37,anchorshift,-0.0234375,-0.00878906436264515
random,37,driftgate,-0.125,-0.00878906436264515
random,37,fluxpatch,-0.046874962747097015,-0.00878906436264515
random,37,motifbridge,0.2500000074505806,-0.00878906436264515
random,37,phasenest,-0.0625,-0.00878906436264515
random,37,phasesar,0.015624940395355225,-0.00878906436264515
random,37,quorumweave,-0.0625,-0.00878906436264515
random,37,shardbloom,-0.015625,-0.00878906436264515
random,38,anchorshift,0.0703125,0.04492186941206455
random,38,driftgate,-0.078125,0.04492186941206455
random,38,fluxpatch,0.125,0.04492186941206455
random,38,motifbridge,0.0312500074505806,0.04492186941206455
random,38,phasenest,-0.031249992549419403,0.04492186941206455
random,38,phasesar,0.17187494039535522,0.04492186941206455
random,38,quorumweave,-0.0078125,0.04492186941206455
random,38,shardbloom,0.078125,0.04492186941206455
random,39,anchorshift,-0.0078125,-0.08105469681322575
random,39,driftgate,0.07812497019767761,-0.08105469681322575
random,39,fluxpatch,-0.109375,-0.08105469681322575
random,39,motifbridge,-0.2187499850988388,-0.08105469681322575
random,39,phasenest,-0.265625,-0.08105469681322575
random,39,phasesar,0.015624940395355225,-0.08105469681322575
random,39,quorumweave,-0.125,-0.08105469681322575
random,39,shardbloom,-0.015625,-0.08105469681322575
random,40,anchorshift,-0.21875,0.02636715956032276
random,40,driftgate,0.203125,0.02636715956032276
random,40,fluxpatch,0.0625,0.02636715956032276
random,40,motifbridge,0.046875,0.02636715956032276
random,40,phasenest,0.0625000149011612,0.02636715956032276
random,40,phasesar,0.1249997615814209,0.02636715956032276
random,40,quorumweave,-0.1328125,0.02636715956032276
random,40,shardbloom,0.0625,0.02636715956032276
random,41,anchorshift,0.0390625,-0.03417969960719347
random,41,driftgate,0.046875,-0.03417969960719347
random,41,fluxpatch,0.015624955296516418,-0.03417969960719347
random,41,motifbridge,-0.1718749925494194,-0.03417969960719347
random,41,phasenest,-0.140625,-0.03417969960719347
random,41,phasesar,-0.031250059604644775,-0.03417969960719347
random,41,quorumweave,-0.140625,-0.03417969960719347
random,41,shardbloom,0.109375,-0.03417969960719347
random,42,anchorshift,-0.13281261920928955,-0.007812520489096642
random,42,driftgate,0.0625,-0.007812520489096642
random,42,fluxpatch,0.0937500074505806,-0.007812520489096642
random,42,motifbridge,7.450580596923828e-09,-0.007812520489096642
random,42,phasenest,0.015625,-0.007812520489096642
random,42,phasesar,-5.960464477539063e-08,-0.007812520489096642
random,42,quorumweave,-0.1640625,-0.007812520489096642
random,42,shardbloom,0.0625,-0.007812520489096642
random,43,anchorshift,-0.1484375,-0.04296875465661287
random,43,driftgate,0.109375,-0.04296875465661287
random,43,fluxpatch,0.0625,-0.04296875465661287
random,43,motifbridge,-0.2031249925494194,-0.04296875465661287
random,43,phasenest,-0.0937499850988388,-0.04296875465661287
random,43,phasesar,0.015624940395355225,-0.04296875465661287
random,43,quorumweave,-0.1640625,-0.04296875465661287
random,43,shardbloom,0.078125,-0.04296875465661287
random,44,anchorshift,-0.0390625,-0.05664062686264515
random,44,driftgate,-0.078125,-0.05664062686264515
random,44,fluxpatch,-0.09375,-0.05664062686264515
random,44,motifbridge,0.07812504470348358,-0.05664062686264515
random,44,phasenest,-0.265625,-0.05664062686264515
random,44,phasesar,-0.046875059604644775,-0.05664062686264515
random,44,quorumweave,-0.1796875,-0.05664062686264515
random,44,shardbloom,0.171875,-0.05664062686264515
random,45,anchorshift,-0.0234375,0.0078124916180968285
random,45,driftgate,-0.10937505960464478,0.0078124916180968285
random,45,fluxpatch,0.06250005215406418,0.0078124916180968285
random,45,motifbridge,0.0,0.0078124916180968285
random,45,phasenest,0.0,0.0078124916180968285
random,45,phasesar,0.2656249403953552,0.0078124916180968285
random,45,quorumweave,-0.1640625,0.0078124916180968285
random,45,shardbloom,0.03125,0.0078124916180968285
random,46,anchorshift,-0.0234375,0.0068359291180968285
random,46,driftgate,-0.140625,0.0068359291180968285
random,46,fluxpatch,-0.0312500074505806,0.0068359291180968285
random,46,motifbridge,0.125,0.0068359291180968285
random,46,phasenest,0.046875,0.0068359291180968285
random,46,phasesar,0.10937494039535522,0.0068359291180968285
random,46,quorumweave,-0.078125,0.0068359291180968285
random,46,shardbloom,0.046875,0.0068359291180968285
random,47,anchorshift,-0.078125,0.03124998603016138
random,47,driftgate,0.265625,0.03124998603016138
random,47,fluxpatch,0.109375,0.03124998603016138
random,47,motifbridge,0.0781250074505806,0.03124998603016138
random,47,phasenest,0.046875,0.03124998603016138
random,47,phasesar,0.03124988079071045,0.03124998603016138
random,47,quorumweave,-0.171875,0.03124998603016138
random,47,shardbloom,-0.03125,0.03124998603016138
random,48,anchorshift,0.0078125,-0.02832032088190317
random,48,driftgate,-0.140625,-0.02832032088190317
random,48,fluxpatch,-0.046875,-0.02832032088190317
random,48,motifbridge,0.0468750074505806,-0.02832032088190317
random,48,phasenest,-0.1093750149011612,-0.02832032088190317
random,48,phasesar,0.046874940395355225,-0.02832032088190317
random,48,quorumweave,-0.125,-0.02832032088190317
random,48,shardbloom,0.09375,-0.02832032088190317
random,49,anchorshift,-0.078125,0.02441404666751623
random,49,driftgate,0.046875,0.02441404666751623
random,49,fluxpatch,0.1875,0.02441404666751623
random,49,motifbridge,0.1249999925494194,0.02441404666751623
random,49,phasenest,0.0625,0.02441404666751623
random,49,phasesar,0.03124988079071045,0.02441404666751623
random,49,quorumweave,-0.2265625,0.02441404666751623
random,49,shardbloom,0.046875,0.02441404666751623
random,50,anchorshift,0.1796875,0.11523436103016138
random,50,driftgate,-0.015625,0.11523436103016138
random,50,fluxpatch,0.015625,0.11523436103016138
random,50,motifbridge,0.3281250074505806,0.11523436103016138
random,50,phasenest,0.171875,0.11523436103016138
random,50,phasesar,0.17187488079071045,0.11523436103016138
random,50,quorumweave,0.1171875,0.11523436103016138
random,50,shardbloom,-0.046875,0.11523436103016138
random,51,anchorshift,0.078125,0.19726561475545168
random,51,driftgate,0.2343750298023224,0.19726561475545168
random,51,fluxpatch,0.453125,0.19726561475545168
random,51,motifbridge,0.3750000074505806,0.19726561475545168
random,51,phasenest,0.1875,0.19726561475545168
random,51,phasesar,0.24999988079071045,0.19726561475545168
random,51,quorumweave,0.015625,0.19726561475545168
random,51,shardbloom,-0.015625,0.19726561475545168
random,52,anchorshift,-0.109375,-0.0820312537252903
random,52,driftgate,-0.015625,-0.0820312537252903
random,52,fluxpatch,-0.0625,-0.0820312537252903
random,52,motifbridge,-0.12499997019767761,-0.0820312537252903
random,52,phasenest,-0.15625,-0.0820312537252903
random,52,phasesar,0.023437440395355225,-0.0820312537252903
random,52,quorumweave,-0.2734375,-0.0820312537252903
random,52,shardbloom,0.0625,-0.0820312537252903
random,53,anchorshift,-0.046875,-0.04492188151925802
random,53,driftgate,-0.234375,-0.04492188151925802
random,53,fluxpatch,0.421875,-0.04492188151925802
random,53,motifbridge,-0.3124999925494194,-0.04492188151925802
random,53,phasenest,-0.140625,-0.04492188151925802
random,53,phasesar,-0.015625059604644775,-0.04492188151925802
random,53,quorumweave,-0.1875,-0.04492188151925802
random,53,shardbloom,0.15625,-0.04492188151925802
random,54,anchorshift,0.15625,0.09765623044222593
random,54,driftgate,0.1875,0.09765623044222593
random,54,fluxpatch,0.25,0.09765623044222593
random,54,motifbridge,0.2031250074505806,0.09765623044222593
random,54,phasenest,0.031250014901161194,0.09765623044222593
random,54,phasesar,0.031249821186065674,0.09765623044222593
random,54,quorumweave,-0.109375,0.09765623044222593
random,54,shardbloom,0.03125,0.09765623044222593
random,55,anchorshift,-0.2109375,-0.013671867549419403
random,55,driftgate,0.03125,-0.013671867549419403
random,55,fluxpatch,0.296875,-0.013671867549419403
random,55,motifbridge,-0.203125,-0.013671867549419403
random,55,phasenest,0.03125,-0.013671867549419403
random,55,phasesar,0.10937494039535522,-0.013671867549419403
random,55,quorumweave,-0.1640625,-0.013671867549419403
random,55,shardbloom,1.1920928955078125e-07,-0.013671867549419403
random,56,anchorshift,-0.1953125,-0.15820313524454832
random,56,driftgate,0.2187500298023224,-0.15820313524454832
random,56,fluxpatch,-0.203125,-0.15820313524454832
random,56,motifbridge,-0.2343749925494194,-0.15820313524454832
random,56,phasenest,-0.078125,-0.15820313524454832
random,56,phasesar,-0.14062511920928955,-0.15820313524454832
random,56,quorumweave,-0.4296875,-0.15820313524454832
random,56,shardbloom,-0.203125,-0.15820313524454832
random,57,anchorshift,-0.1328125,-0.05273438151925802
random,57,driftgate,0.015625,-0.05273438151925802
random,57,fluxpatch,-0.265625,-0.05273438151925802
random,57,motifbridge,0.1875000074505806,-0.05273438151925802
random,57,phasenest,-0.0625,-0.05273438151925802
random,57,phasesar,0.062499940395355225,-0.05273438151925802
random,57,quorumweave,-0.2109375,-0.05273438151925802
random,57,shardbloom,-0.015625,-0.05273438151925802
random,58,anchorshift,-0.09375,0.029296870343387127
random,58,driftgate,0.25,0.029296870343387127
random,58,fluxpatch,0.1249999925494194,0.029296870343387127
random,58,motifbridge,0.0937500149011612,0.029296870343387127
random,58,phasenest,-0.015624985098838806,0.029296870343387127
random,58,phasesar,0.17968744039535522,0.029296870343387127
random,58,quorumweave,-0.2421875,0.029296870343387127
random,58,shardbloom,-0.0625,0.029296870343387127
random,59,anchorshift,-0.0390625,-0.1259765513241291
random,59,driftgate,-0.06249988079071045,-0.1259765513241291
random,59,fluxpatch,-0.1875000074505806,-0.1259765513241291
random,59,motifbridge,-0.20312496274709702,-0.1259765513241291
random,59,phasenest,-0.1875,-0.1259765513241291
random,59,phasesar,-0.09375005960464478,-0.1259765513241291
random,59,quorumweave,-0.21875,-0.1259765513241291
random,59,shardbloom,-0.015625,-0.1259765513241291
random,60,anchorshift,0.078125,0.08105468098074198
random,60,driftgate,-0.078125,0.08105468098074198
random,60,fluxpatch,-0.1562500074505806,0.08105468098074198
random,60,motifbridge,0.1718750074505806,0.08105468098074198
random,60,phasenest,0.1718750074505806,0.08105468098074198
random,60,phasesar,0.2656249403953552,0.08105468098074198
random,60,quorumweave,0.0859375,0.08105468098074198
random,60,shardbloom,0.109375,0.08105468098074198
random,61,anchorshift,0.0234375,0.07031250279396772
random,61,driftgate,0.078125,0.07031250279396772
random,61,fluxpatch,0.28125,0.07031250279396772
random,61,motifbridge,0.015625037252902985,0.07031250279396772
random,61,phasenest,0.0937499850988388,0.07031250279396772
random,61,phasesar,0.046875,0.07031250279396772
random,61,quorumweave,0.1171875,0.07031250279396772
random,61,shardbloom,-0.09375,0.07031250279396772
random,62,anchorshift,-0.0703125,0.06542968098074198
random,62,driftgate,0.1875,0.06542968098074198
random,62,fluxpatch,0.09375,0.06542968098074198
random,62,motifbridge,0.2500000074505806,0.06542968098074198
random,62,phasenest,0.046875,0.06542968098074198
random,62,phasesar,0.18749994039535522,0.06542968098074198
random,62,quorumweave,-0.1875,0.06542968098074198
random,62,shardbloom,0.015625,0.06542968098074198
random,63,anchorshift,-0.15625,0.0371093675494194
random,63,driftgate,0.21875,0.0371093675494194
random,63,fluxpatch,0.2031249850988388,0.0371093675494194
random,63,motifbridge,0.1250000149011612,0.0371093675494194
random,63,phasenest,0.015625,0.0371093675494194
random,63,phasesar,0.062499940395355225,0.0371093675494194
random,63,quorumweave,-0.09375,0.0371093675494194
random,63,shardbloom,-0.078125,0.0371093675494194
random,64,anchorshift,0.359375,0.21777344215661287
random,64,driftgate,0.0,0.21777344215661287
random,64,fluxpatch,0.5468750223517418,0.21777344215661287
random,64,motifbridge,0.2500000149011612,0.21777344215661287
random,64,phasenest,0.28125,0.21777344215661287
random,64,phasesar,0.09375,0.21777344215661287
random,64,quorumweave,0.1015625,0.21777344215661287
random,64,shardbloom,0.109375,0.21777344215661287
random,65,anchorshift,0.0390625,-0.0966797024011612
random,65,driftgate,-0.14062505960464478,-0.0966797024011612
random,65,fluxpatch,-0.265625,-0.0966797024011612
random,65,motifbridge,-0.2968749850988388,-0.0966797024011612
random,65,phasenest,-0.015625014901161194,-0.0966797024011612
random,65,phasesar,0.015624940395355225,-0.0966797024011612
random,65,quorumweave,-0.1875,-0.0966797024011612
random,65,shardbloom,0.078125,-0.0966797024011612
random,66,anchorshift,0.015625,0.09472656436264515
random,66,driftgate,0.0625,0.09472656436264515
random,66,fluxpatch,0.1718750074505806,0.09472656436264515
random,66,motifbridge,0.1718750074505806,0.09472656436264515
random,66,phasenest,0.109375,0.09472656436264515
random,66,phasesar,0.15625,0.09472656436264515
random,66,quorumweave,0.0390625,0.09472656436264515
random,66,shardbloom,0.03125,0.09472656436264515
random,67,anchorshift,-0.078125,-0.03417970426380634
random,67,driftgate,0.015625,-0.03417970426380634
random,67,fluxpatch,0.0625,-0.03417970426380634
random,67,motifbridge,0.062499985098838806,-0.03417970426380634
random,67,phasenest,-0.09375,-0.03417970426380634
random,67,phasesar,0.03124988079071045,-0.03417970426380634
random,67,quorumweave,-0.1640625,-0.03417970426380634
random,67,shardbloom,-0.109375,-0.03417970426380634
random,68,anchorshift,-0.1328125,-0.05273439455777407
random,68,driftgate,0.078125,-0.05273439455777407
random,68,fluxpatch,0.0781250149011612,-0.05273439455777407
random,68,motifbridge,7.450580596923828e-09,-0.05273439455777407
random,68,phasenest,-0.125,-0.05273439455777407
random,68,phasesar,0.031249821186065674,-0.05273439455777407
random,68,quorumweave,-0.0078125,-0.05273439455777407
random,68,shardbloom,-0.34375,-0.05273439455777407
random,69,anchorshift,-0.0703125,-0.11425782553851604
random,69,driftgate,-0.10937505960464478,-0.11425782553851604
random,69,fluxpatch,-0.109375,-0.11425782553851604
random,69,motifbridge,-0.062499985098838806,-0.11425782553851604
random,69,phasenest,-0.34375,-0.11425782553851604
random,69,phasesar,0.046874940395355225,-0.11425782553851604
random,69,quorumweave,-0.3125,-0.11425782553851604
random,69,shardbloom,0.046875,-0.11425782553851604
random,70,anchorshift,0.1875,0.23339843284338713
random,70,driftgate,0.203125,0.23339843284338713
random,70,fluxpatch,0.296875,0.23339843284338713
random,70,motifbridge,0.2656250074505806,0.23339843284338713
random,70,phasenest,0.2968750149011612,0.23339843284338713
random,70,phasesar,0.2812499403953552,0.23339843284338713
random,70,quorumweave,0.0234375,0.23339843284338713
random,70,shardbloom,0.3125,0.23339843284338713
random,71,anchorshift,0.0625,1.1175870895385742e-08
random,71,driftgate,-0.031249910593032837,1.1175870895385742e-08
random,71,fluxpatch,-0.0312500074505806,1.1175870895385742e-08
random,71,motifbridge,-0.031249992549419403,1.1175870895385742e-08
random,71,phasenest,-0.078125,1.1175870895385742e-08
random,71,phasesar,0.171875,1.1175870895385742e-08
random,71,quorumweave,-0.09375,1.1175870895385742e-08
random,71,shardbloom,0.03125,1.1175870895385742e-08
random,72,anchorshift,0.140625,0.18749999161809683
random,72,driftgate,0.1406249701976776,0.18749999161809683
random,72,fluxpatch,0.3281250149011612,0.18749999161809683
random,72,motifbridge,0.4062500074505806,0.18749999161809683
random,72,phasenest,0.125,0.18749999161809683
random,72,phasesar,0.20312494039535522,0.18749999161809683
random,72,quorumweave,-0.03125,0.18749999161809683
random,72,shardbloom,0.1875,0.18749999161809683
random,73,anchorshift,0.0,0.02832029853016138
random,73,driftgate,0.296875,0.02832029853016138
random,73,fluxpatch,0.09375,0.02832029853016138
random,73,motifbridge,0.015625007450580597,0.02832029853016138
random,73,phasenest,-0.0625,0.02832029853016138
random,73,phasesar,0.04687488079071045,0.02832029853016138
random,73,quorumweave,-0.1328125,0.02832029853016138
random,73,shardbloom,-0.03125,0.02832029853016138
random,74,anchorshift,-0.1015625,-0.07324221357703209
random,74,driftgate,0.015624940395355225,-0.07324221357703209
random,74,fluxpatch,0.03125,-0.07324221357703209
random,74,motifbridge,-0.2031249850988388,-0.07324221357703209
random,74,phasenest,-0.0781249850988388,-0.07324221357703209
random,74,phasesar,-0.06250017881393433,-0.07324221357703209
random,74,quorumweave,-0.203125,-0.07324221357703209
random,74,shardbloom,0.015625,-0.07324221357703209
random,75,anchorshift,-0.078125,0.026367180980741978
random,75,driftgate,0.234375,0.026367180980741978
random,75,fluxpatch,0.359375,0.026367180980741978
random,75,motifbridge,-0.2187499925494194,0.026367180980741978
random,75,phasenest,-0.015625,0.026367180980741978
random,75,phasesar,-5.960464477539063e-08,0.026367180980741978
random,75,quorumweave,-0.0234375,0.026367180980741978
random,75,shardbloom,-0.046875,0.026367180980741978
random,76,anchorshift,-0.1484375,-0.15332031901925802
random,76,driftgate,-0.09375,-0.15332031901925802
random,76,fluxpatch,-0.234375,-0.15332031901925802
random,76,motifbridge,-0.0468749925494194,-0.15332031901925802
random,76,phasenest,-0.171875,-0.15332031901925802
random,76,phasesar,-0.14062505960464478,-0.15332031901925802
random,76,quorumweave,-0.21875,-0.15332031901925802
random,76,shardbloom,-0.171875,-0.15332031901925802
random,77,anchorshift,-0.1171875,-0.11328125838190317
random,77,driftgate,-0.0625,-0.11328125838190317
random,77,fluxpatch,-0.2031250074505806,-0.11328125838190317
random,77,motifbridge,-0.09375,-0.11328125838190317
random,77,phasenest,-0.09375,-0.11328125838190317
random,77,phasesar,-0.046875059604644775,-0.11328125838190317
random,77,quorumweave,-0.1640625,-0.11328125838190317
random,77,shardbloom,-0.125,-0.11328125838190317
random,78,anchorshift,-0.203125,-0.0976562574505806
random,78,driftgate,-0.03125,-0.0976562574505806
random,78,fluxpatch,-7.450580596923828e-09,-0.0976562574505806
random,78,motifbridge,0.0937500074505806,-0.0976562574505806
random,78,phasenest,-0.15625,-0.0976562574505806
random,78,phasesar,-0.23437505960464478,-0.0976562574505806
random,78,quorumweave,-0.21875,-0.0976562574505806
random,78,shardbloom,-0.03125,-0.0976562574505806
random,79,anchorshift,-0.125,-0.020507817156612873
random,79,driftgate,-0.03125,-0.020507817156612873
random,79,fluxpatch,0.015625014901161194,-0.020507817156612873
random,79,motifbridge,0.0781250074505806,-0.020507817156612873
random,79,phasenest,0.21875,-0.020507817156612873
random,79,phasesar,-0.031250059604644775,-0.020507817156612873
random,79,quorumweave,-0.1640625,-0.020507817156612873
random,79,shardbloom,-0.125,-0.020507817156612873
random,80,anchorshift,0.09375,0.051757803186774254
random,80,driftgate,0.14062494039535522,0.051757803186774254
random,80,fluxpatch,0.0625,0.051757803186774254
random,80,motifbridge,0.1250000298023224,0.051757803186774254
random,80,phasenest,-0.062499985098838806,0.051757803186774254
random,80,phasesar,0.07812494039535522,0.051757803186774254
random,80,quorumweave,-0.1484375,0.051757803186774254
random,80,shardbloom,0.125,0.051757803186774254
random,81,anchorshift,-0.03125,-0.004882818087935448
random,81,driftgate,0.09375,-0.004882818087935448
random,81,fluxpatch,0.1875,-0.004882818087935448
random,81,motifbridge,0.0937500149011612,-0.004882818087935448
random,81,phasenest,-0.03125,-0.004882818087935448
random,81,phasesar,-0.15625005960464478,-0.004882818087935448
random,81,quorumweave,-0.0546875,-0.004882818087935448
random,81,shardbloom,-0.140625,-0.004882818087935448
random,82,anchorshift,-0.015625,-0.01269532460719347
random,82,driftgate,-0.09375,-0.01269532460719347
random,82,fluxpatch,0.0625,-0.01269532460719347
random,82,motifbridge,0.0625000074505806,-0.01269532460719347
random,82,phasenest,-0.046874985098838806,-0.01269532460719347
random,82,phasesar,0.06249988079071045,-0.01269532460719347
random,82,quorumweave,-0.1484375,-0.01269532460719347
random,82,shardbloom,0.015625,-0.01269532460719347
random,83,anchorshift,0.1796875,-5.587935447692871e-09
random,83,driftgate,0.09375,-5.587935447692871e-09
random,83,fluxpatch,0.015625007450580597,-5.587935447692871e-09
random,83,motifbridge,-0.1718749925494194,-5.587935447692871e-09
random,83,phasenest,-0.09375,-5.587935447692871e-09
random,83,phasesar,0.015624940395355225,-5.587935447692871e-09
random,83,quorumweave,-0.0234375,-5.587935447692871e-09
random,83,shardbloom,-0.015625,-5.587935447692871e-09
random,84,anchorshift,-0.0078125,-0.0341796949505806
random,84,driftgate,0.078125,-0.0341796949505806
random,84,fluxpatch,0.1250000074505806,-0.0341796949505806
random,84,motifbridge,-0.1406250223517418,-0.0341796949505806
random,84,phasenest,-0.1562499850988388,-0.0341796949505806
random,84,phasesar,0.031249940395355225,-0.0341796949505806
random,84,quorumweave,-0.203125,-0.0341796949505806
random,84,shardbloom,0.0,-0.0341796949505806
random,85,anchorshift,-0.1953125,-0.10449218656867743
random,85,driftgate,-0.046874940395355225,-0.10449218656867743
random,85,fluxpatch,0.03125,-0.10449218656867743
random,85,motifbridge,-0.015624992549419403,-0.10449218656867743
random,85,phasenest,-0.21875,-0.10449218656867743
random,85,phasesar,0.062499940395355225,-0.10449218656867743
random,85,quorumweave,-0.234375,-0.10449218656867743
random,85,shardbloom,-0.21875,-0.10449218656867743
random,86,anchorshift,0.04687488079071045,0.08203124161809683
random,86,driftgate,0.171875,0.08203124161809683
random,86,fluxpatch,0.3437500074505806,0.08203124161809683
random,86,motifbridge,0.04687504470348358,0.08203124161809683
random,86,phasenest,-0.046875,0.08203124161809683
random,86,phasesar,0.03125,0.08203124161809683
random,86,quorumweave,-0.03125,0.08203124161809683
random,86,shardbloom,0.09375,0.08203124161809683
random,87,anchorshift,0.04687488079071045,0.04882810544222593
random,87,driftgate,0.09375,0.04882810544222593
random,87,fluxpatch,0.125,0.04882810544222593
random,87,motifbridge,-0.1093749925494194,0.04882810544222593
random,87,phasenest,0.0781250149011612,0.04882810544222593
random,87,phasesar,0.10937494039535522,0.04882810544222593
random,87,quorumweave,-0.046875,0.04882810544222593
random,87,shardbloom,0.09375,0.04882810544222593
random,88,anchorshift,-0.203125,-0.19531250558793545
random,88,driftgate,0.171875,-0.19531250558793545
random,88,fluxpatch,-0.2187499925494194,-0.19531250558793545
random,88,motifbridge,-0.3593749925494194,-0.19531250558793545
random,88,phasenest,-0.34375,-0.19531250558793545
random,88,phasesar,-0.15625005960464478,-0.19531250558793545
random,88,quorumweave,-0.34375,-0.19531250558793545
random,88,shardbloom,-0.109375,-0.19531250558793545
random,89,anchorshift,-0.0859375,-0.053710938431322575
random,89,driftgate,0.125,-0.053710938431322575
random,89,fluxpatch,-0.0937500074505806,-0.053710938431322575
random,89,motifbridge,-0.0625,-0.053710938431322575
random,89,phasenest,-0.234375,-0.053710938431322575
random,89,phasesar,0.09375,-0.053710938431322575
random,89,quorumweave,-0.203125,-0.053710938431322575
random,89,shardbloom,0.03125,-0.053710938431322575
random,90,anchorshift,-0.0703125,-0.04785156808793545
random,90,driftgate,0.140625,-0.04785156808793545
random,90,fluxpatch,0.0468750074505806,-0.04785156808793545
random,90,motifbridge,0.015625007450580597,-0.04785156808793545
random,90,phasenest,-0.109375,-0.04785156808793545
random,90,phasesar,-0.031250059604644775,-0.04785156808793545
random,90,quorumweave,-0.234375,-0.04785156808793545
random,90,shardbloom,-0.140625,-0.04785156808793545
random,91,anchorshift,-0.03125011920928955,0.0009765364229679108
random,91,driftgate,0.015625,0.0009765364229679108
random,91,fluxpatch,0.1718750074505806,0.0009765364229679108
random,91,motifbridge,0.03125002235174179,0.0009765364229679108
random,91,phasenest,-0.046875,0.0009765364229679108
random,91,phasesar,0.09374988079071045,0.0009765364229679108
random,91,quorumweave,-0.1640625,0.0009765364229679108
random,91,shardbloom,-0.0625,0.0009765364229679108
random,92,anchorshift,0.0234375,0.07617186848074198
random,92,driftgate,-0.03125,0.07617186848074198
random,92,fluxpatch,0.109375,0.07617186848074198
random,92,motifbridge,0.3125000074505806,0.07617186848074198
random,92,phasenest,0.046875,0.07617186848074198
random,92,phasesar,0.23437494039535522,0.07617186848074198
random,92,quorumweave,-0.0859375,0.07617186848074198
random,92,shardbloom,0.0,0.07617186848074198
random,93,anchorshift,0.140625,0.11816404853016138
random,93,driftgate,-0.125,0.11816404853016138
random,93,fluxpatch,0.109375,0.11816404853016138
random,93,motifbridge,0.1875000074505806,0.11816404853016138
random,93,phasenest,0.328125,0.11816404853016138
random,93,phasesar,0.15624988079071045,0.11816404853016138
random,93,quorumweave,0.1328125,0.11816404853016138
random,93,shardbloom,0.015625,0.11816404853016138
random,94,anchorshift,0.0,-0.004882829263806343
random,94,driftgate,-0.03125,-0.004882829263806343
random,94,fluxpatch,-0.01562502235174179,-0.004882829263806343
random,94,motifbridge,0.1093750074505806,-0.004882829263806343
random,94,phasenest,0.109375,-0.004882829263806343
random,94,phasesar,-1.1920928955078125e-07,-0.004882829263806343
random,94,quorumweave,-0.0703125,-0.004882829263806343
random,94,shardbloom,-0.140625,-0.004882829263806343
random,95,anchorshift,-0.0546875,-0.0009765764698386192
random,95,driftgate,0.140625,-0.0009765764698386192
random,95,fluxpatch,0.15625,-0.0009765764698386192
random,95,motifbridge,0.0468750074505806,-0.0009765764698386192
random,95,phasenest,0.046875,-0.0009765764698386192
random,95,phasesar,-0.04687511920928955,-0.0009765764698386192
random,95,quorumweave,-0.1875,-0.0009765764698386192
random,95,shardbloom,-0.109375,-0.0009765764698386192
random,96,anchorshift,0.046875,-0.00781252235174179
random,96,driftgate,-0.20312505960464478,-0.00781252235174179
random,96,fluxpatch,0.109375,-0.00781252235174179
random,96,motifbridge,-0.1875,-0.00781252235174179
random,96,phasenest,0.265625,-0.00781252235174179
random,96,phasesar,0.24999988079071045,-0.00781252235174179
random,96,quorumweave,-0.203125,-0.00781252235174179
random,96,shardbloom,-0.140625,-0.00781252235174179
random,97,anchorshift,-0.1640625,-0.10253905411809683
random,97,driftgate,-0.0625,-0.10253905411809683
random,97,fluxpatch,0.203125,-0.10253905411809683
random,97,motifbridge,-0.1249999925494194,-0.10253905411809683
random,97,phasenest,-0.3125,-0.10253905411809683
random,97,phasesar,0.031250059604644775,-0.10253905411809683
random,97,quorumweave,-0.140625,-0.10253905411809683
random,97,shardbloom,-0.25,-0.10253905411809683
random,98,anchorshift,0.171875,0.15722654946148396
random,98,driftgate,0.234375,0.15722654946148396
random,98,fluxpatch,0.1406250298023224,0.15722654946148396
random,98,motifbridge,0.1406249850988388,0.15722654946148396
random,98,phasenest,0.171875,0.15722654946148396
random,98,phasesar,0.35937488079071045,0.15722654946148396
random,98,quorumweave,-0.0703125,0.15722654946148396
random,98,shardbloom,0.109375,0.15722654946148396
random,99,anchorshift,0.0,-0.1005859449505806
random,99,driftgate,0.015625,-0.1005859449505806
random,99,fluxpatch,-0.109375,-0.1005859449505806
random,99,motifbridge,-0.125,-0.1005859449505806
random,99,phasenest,-0.21875,-0.1005859449505806
random,99,phasesar,0.015624940395355225,-0.1005859449505806
random,99,quorumweave,-0.2421875,-0.1005859449505806
random,99,shardbloom,-0.140625,-0.1005859449505806
permuted_labels,0,anchorshift,-0.015625,0.09082030784338713
permuted_labels,0,driftgate,0.25,0.09082030784338713
permuted_labels,0,fluxpatch,-0.234375,0.09082030784338713
permuted_labels,0,motifbridge,0.1562500223517418,0.09082030784338713
permuted_labels,0,phasenest,0.171875,0.09082030784338713
permuted_labels,0,phasesar,0.21874994039535522,0.09082030784338713
permuted_labels,0,quorumweave,0.0390625,0.09082030784338713
permuted_labels,0,shardbloom,0.140625,0.09082030784338713
permuted_labels,1,anchorshift,-0.0078125,0.038085924461483955
permuted_labels,1,driftgate,-0.015625,0.038085924461483955
permuted_labels,1,fluxpatch,0.1875000074505806,0.038085924461483955
permuted_labels,1,motifbridge,0.0312500074505806,0.038085924461483955
permuted_labels,1,phasenest,-0.046875,0.038085924461483955
permuted_labels,1,phasesar,0.07812488079071045,0.038085924461483955
permuted_labels,1,quorumweave,0.0,0.038085924461483955
permuted_labels,1,shardbloom,0.078125,0.038085924461483955
permuted_labels,2,anchorshift,0.203125,0.22070312593132257
permuted_labels,2,driftgate,0.234375,0.22070312593132257
permuted_labels,2,fluxpatch,0.375,0.22070312593132257
permuted_labels,2,motifbridge,0.2343750074505806,0.22070312593132257
permuted_labels,2,phasenest,0.109375,0.22070312593132257
permuted_labels,2,phasesar,0.34375,0.22070312593132257
permuted_labels,2,quorumweave,0.03125,0.22070312593132257
permuted_labels,2,shardbloom,0.234375,0.22070312593132257
permuted_labels,3,anchorshift,0.0546875,0.05761719588190317
permuted_labels,3,driftgate,0.046875,0.05761719588190317
permuted_labels,3,fluxpatch,0.171875,0.05761719588190317
permuted_labels,3,motifbridge,0.0625000074505806,0.05761719588190317
permuted_labels,3,phasenest,-0.015625,0.05761719588190317
permuted_labels,3,phasesar,0.19531255960464478,0.05761719588190317
permuted_labels,3,quorumweave,-0.1484375,0.05761719588190317
permuted_labels,3,shardbloom,0.09375,0.05761719588190317
permuted_labels,4,anchorshift,-0.046875,-0.01660157833248377
permuted_labels,4,driftgate,-0.015625,-0.01660157833248377
permuted_labels,4,fluxpatch,0.0781249925494194,-0.01660157833248377
permuted_labels,4,motifbridge,-0.15625,-0.01660157833248377
permuted_labels,4,phasenest,-0.078125,-0.01660157833248377
permuted_labels,4,phasesar,0.17187488079071045,-0.01660157833248377
permuted_labels,4,quorumweave,-0.0703125,-0.01660157833248377
permuted_labels,4,shardbloom,-0.015625,-0.01660157833248377
permuted_labels,5,anchorshift,-0.0859375,-0.12500000279396772
permuted_labels,5,driftgate,-0.140625,-0.12500000279396772
permuted_labels,5,fluxpatch,-0.1562499701976776,-0.12500000279396772
permuted_labels,5,motifbridge,-0.2187499925494194,-0.12500000279396772
permuted_labels,5,phasenest,0.03125,-0.12500000279396772
permuted_labels,5,phasesar,-5.960464477539063e-08,-0.12500000279396772
permuted_labels,5,quorumweave,-0.2890625,-0.12500000279396772
permuted_labels,5,shardbloom,-0.140625,-0.12500000279396772
permuted_labels,6,anchorshift,0.1796875,0.09667967911809683
permuted_labels,6,driftgate,0.125,0.09667967911809683
permuted_labels,6,fluxpatch,-0.1250000149011612,0.09667967911809683
permuted_labels,6,motifbridge,-0.0624999925494194,0.09667967911809683
permuted_labels,6,phasenest,0.1875,0.09667967911809683
permuted_labels,6,phasesar,0.2968749403953552,0.09667967911809683
permuted_labels,6,quorumweave,0.078125,0.09667967911809683
permuted_labels,6,shardbloom,0.09375,0.09667967911809683
permuted_labels,7,anchorshift,-0.1953125,-0.14941406156867743
permuted_labels,7,driftgate,5.960464477539063e-08,-0.14941406156867743
permuted_labels,7,fluxpatch,7.450580596923828e-09,-0.14941406156867743
permuted_labels,7,motifbridge,-0.21875,-0.14941406156867743
permuted_labels,7,phasenest,-0.3125,-0.14941406156867743
permuted_labels,7,phasesar,-0.09375005960464478,-0.14941406156867743
permuted_labels,7,quorumweave,-0.28125,-0.14941406156867743
permuted_labels,7,shardbloom,-0.09375,-0.14941406156867743
permuted_labels,8,anchorshift,0.0703125,-0.07226563524454832
permuted_labels,8,driftgate,-0.140625,-0.07226563524454832
permuted_labels,8,fluxpatch,-0.1562499701976776,-0.07226563524454832
permuted_labels,8,motifbridge,0.0625000074505806,-0.07226563524454832
permuted_labels,8,phasenest,0.0,-0.07226563524454832
permuted_labels,8,phasesar,-0.07812511920928955,-0.07226563524454832
permuted_labels,8,quorumweave,-0.2734375,-0.07226563524454832
permuted_labels,8,shardbloom,-0.0625,-0.07226563524454832
permuted_labels,9,anchorshift,0.1875,0.17968750279396772
permuted_labels,9,driftgate,0.09375,0.17968750279396772
permuted_labels,9,fluxpatch,0.2968750149011612,0.17968750279396772
permuted_labels,9,motifbridge,0.1718750074505806,0.17968750279396772
permuted_labels,9,phasenest,0.03125,0.17968750279396772
permuted_labels,9,phasesar,0.328125,0.17968750279396772
permuted_labels,9,quorumweave,0.09375,0.17968750279396772
permuted_labels,9,shardbloom,0.234375,0.17968750279396772
permuted_labels,10,anchorshift,0.1328125,0.0166015625
permuted_labels,10,driftgate,-0.0625,0.0166015625
permuted_labels,10,fluxpatch,-0.0781250074505806,0.0166015625
permuted_labels,10,motifbridge,0.1875000074505806,0.0166015625
permuted_labels,10,phasenest,0.015625,0.0166015625
permuted_labels,10,phasesar,-0.0625,0.0166015625
permuted_labels,10,quorumweave,-0.15625,0.0166015625
permuted_labels,10,shardbloom,0.15625,0.0166015625
permuted_labels,11,anchorshift,-0.1796875,-0.06250001024454832
permuted_labels,11,driftgate,0.109375,-0.06250001024454832
permuted_labels,11,fluxpatch,0.015625,-0.06250001024454832
permuted_labels,11,motifbridge,0.06249997764825821,-0.06250001024454832
permuted_labels,11,phasenest,-0.0625,-0.06250001024454832
permuted_labels,11,phasesar,0.031249940395355225,-0.06250001024454832
permuted_labels,11,quorumweave,-0.3671875,-0.06250001024454832
permuted_labels,11,shardbloom,-0.109375,-0.06250001024454832
permuted_labels,12,anchorshift,-0.046875,-0.12011719401925802
permuted_labels,12,driftgate,-0.078125,-0.12011719401925802
permuted_labels,12,fluxpatch,0.015625007450580597,-0.12011719401925802
permuted_labels,12,motifbridge,-0.4374999850988388,-0.12011719401925802
permuted_labels,12,phasenest,-0.2343750149011612,-0.12011719401925802
permuted_labels,12,phasesar,-0.07812505960464478,-0.12011719401925802
permuted_labels,12,quorumweave,-0.0859375,-0.12011719401925802
permuted_labels,12,shardbloom,-0.015625,-0.12011719401925802
permuted_labels,13,anchorshift,0.0625,0.08789062593132257
permuted_labels,13,driftgate,0.015625,0.08789062593132257
permuted_labels,13,fluxpatch,0.296875,0.08789062593132257
permuted_labels,13,motifbridge,0.1718750074505806,0.08789062593132257
permuted_labels,13,phasenest,0.015625,0.08789062593132257
permuted_labels,13,phasesar,0.15625,0.08789062593132257
permuted_labels,13,quorumweave,-0.09375,0.08789062593132257
permuted_labels,13,shardbloom,0.078125,0.08789062593132257
permuted_labels,14,anchorshift,-0.25,-0.13476562220603228
permuted_labels,14,driftgate,-0.046875,-0.13476562220603228
permuted_labels,14,fluxpatch,-0.2500000074505806,-0.13476562220603228
permuted_labels,14,motifbridge,-0.12499997019767761,-0.13476562220603228
permuted_labels,14,phasenest,0.03125,-0.13476562220603228
permuted_labels,14,phasesar,0.03125,-0.13476562220603228
permuted_labels,14,quorumweave,-0.234375,-0.13476562220603228
permuted_labels,14,shardbloom,-0.234375,-0.13476562220603228
permuted_labels,15,anchorshift,-0.2578125,-0.23144531715661287
permuted_labels,15,driftgate,-0.46875,-0.23144531715661287
permuted_labels,15,fluxpatch,-0.1406250074505806,-0.23144531715661287
permuted_labels,15,motifbridge,-0.1093749850988388,-0.23144531715661287
permuted_labels,15,phasenest,-0.1562499850988388,-0.23144531715661287
permuted_labels,15,phasesar,-0.12500005960464478,-0.23144531715661287
permuted_labels,15,quorumweave,-0.359375,-0.23144531715661287
permuted_labels,15,shardbloom,-0.234375,-0.23144531715661287
permuted_labels,16,anchorshift,0.109375,0.17968750186264515
permuted_labels,16,driftgate,0.171875,0.17968750186264515
permuted_labels,16,fluxpatch,0.4375,0.17968750186264515
permuted_labels,16,motifbridge,0.4843750149011612,0.17968750186264515
permuted_labels,16,phasenest,0.0625,0.17968750186264515
permuted_labels,16,phasesar,0.140625,0.17968750186264515
permuted_labels,16,quorumweave,-0.015625,0.17968750186264515
permuted_labels,16,shardbloom,0.046875,0.17968750186264515
permuted_labels,17,anchorshift,-0.109375,-0.09082031901925802
permuted_labels,17,driftgate,0.031249970197677612,-0.09082031901925802
permuted_labels,17,fluxpatch,-0.1875000149011612,-0.09082031901925802
permuted_labels,17,motifbridge,-0.468749962747097,-0.09082031901925802
permuted_labels,17,phasenest,-0.0937499850988388,-0.09082031901925802
permuted_labels,17,phasesar,0.09374994039535522,-0.09082031901925802
permuted_labels,17,quorumweave,-0.0078125,-0.09082031901925802
permuted_labels,17,shardbloom,0.015625,-0.09082031901925802
permuted_labels,18,anchorshift,0.125,-0.030273444019258022
permuted_labels,18,driftgate,-0.25,-0.030273444019258022
permuted_labels,18,fluxpatch,0.0468749925494194,-0.030273444019258022
permuted_labels,18,motifbridge,-0.0937499850988388,-0.030273444019258022
permuted_labels,18,phasenest,-0.234375,-0.030273444019258022
permuted_labels,18,phasesar,0.046874940395355225,-0.030273444019258022
permuted_labels,18,quorumweave,0.0234375,-0.030273444019258022
permuted_labels,18,shardbloom,0.09375,-0.030273444019258022
permuted_labels,19,anchorshift,0.0703125,0.0849609375
permuted_labels,19,driftgate,0.2031250298023224,0.0849609375
permuted_labels,19,fluxpatch,-0.078125,0.0849609375
permuted_labels,19,motifbridge,0.015625029802322388,0.0849609375
permuted_labels,19,phasenest,0.1875,0.0849609375
permuted_labels,19,phasesar,0.2968749403953552,0.0849609375
permuted_labels,19,quorumweave,0.0,0.0849609375
permuted_labels,19,shardbloom,-0.015625,0.0849609375
permuted_labels,20,anchorshift,0.2109375,0.20898436661809683
permuted_labels,20,driftgate,0.375,0.20898436661809683
permuted_labels,20,fluxpatch,0.390625,0.20898436661809683
permuted_labels,20,motifbridge,0.2499999925494194,0.20898436661809683
permuted_labels,20,phasenest,0.15625,0.20898436661809683
permuted_labels,20,phasesar,0.3749999403953552,0.20898436661809683
permuted_labels,20,quorumweave,-0.1484375,0.20898436661809683
permuted_labels,20,shardbloom,0.0625,0.20898436661809683
permuted_labels,21,anchorshift,0.0234375,-0.020507821813225746
permuted_labels,21,driftgate,-0.078125,-0.020507821813225746
permuted_labels,21,fluxpatch,-0.0937500074505806,-0.020507821813225746
permuted_labels,21,motifbridge,0.1562500074505806,-0.020507821813225746
permuted_labels,21,phasenest,0.046874985098838806,-0.020507821813225746
permuted_labels,21,phasesar,-0.06250005960464478,-0.020507821813225746
permuted_labels,21,quorumweave,-0.171875,-0.020507821813225746
permuted_labels,21,shardbloom,0.015625,-0.020507821813225746
permuted_labels,22,anchorshift,0.109375,0.10253903921693563
permuted_labels,22,driftgate,0.328125,0.10253903921693563
permuted_labels,22,fluxpatch,0.0937499925494194,0.10253903921693563
permuted_labels,22,motifbridge,0.03124988079071045,0.10253903921693563
permuted_labels,22,phasenest,-0.015625,0.10253903921693563
permuted_labels,22,phasesar,0.21874994039535522,0.10253903921693563
permuted_labels,22,quorumweave,-0.0078125,0.10253903921693563
permuted_labels,22,shardbloom,0.0625,0.10253903921693563
permuted_labels,23,anchorshift,-0.28125,-0.2011718787252903
permuted_labels,23,driftgate,-0.1874999701976776,-0.2011718787252903
permuted_labels,23,fluxpatch,-0.203125,-0.2011718787252903
permuted_labels,23,motifbridge,-0.09375,-0.2011718787252903
permuted_labels,23,phasenest,-0.140625,-0.2011718787252903
permuted_labels,23,phasesar,-0.015625059604644775,-0.2011718787252903
permuted_labels,23,quorumweave,-0.390625,-0.2011718787252903
permuted_labels,23,shardbloom,-0.296875,-0.2011718787252903
permuted_labels,24,anchorshift,-0.0625,-0.09863283392041922
permuted_labels,24,driftgate,-0.3125,-0.09863283392041922
permuted_labels,24,fluxpatch,0.0312500074505806,-0.09863283392041922
permuted_labels,24,motifbridge,-0.1875,-0.09863283392041922
permuted_labels,24,phasenest,0.0,-0.09863283392041922
permuted_labels,24,phasesar,0.07812482118606567,-0.09863283392041922
permuted_labels,24,quorumweave,-0.2421875,-0.09863283392041922
permuted_labels,24,shardbloom,-0.09375,-0.09863283392041922
permuted_labels,25,anchorshift,-0.390625,-0.3750000074505806
permuted_labels,25,driftgate,-0.5,-0.3750000074505806
permuted_labels,25,fluxpatch,-0.1875,-0.3750000074505806
permuted_labels,25,motifbridge,-0.46875,-0.3750000074505806
permuted_labels,25,phasenest,-0.34375,-0.3750000074505806
permuted_labels,25,phasesar,-0.3437500596046448,-0.3750000074505806
permuted_labels,25,quorumweave,-0.375,-0.3750000074505806
permuted_labels,25,shardbloom,-0.390625,-0.3750000074505806
permuted_labels,26,anchorshift,0.1171875,0.10351561848074198
permuted_labels,26,driftgate,0.265625,0.10351561848074198
permuted_labels,26,fluxpatch,0.0781250074505806,0.10351561848074198
permuted_labels,26,motifbridge,0.140625,0.10351561848074198
permuted_labels,26,phasenest,0.078125,0.10351561848074198
permuted_labels,26,phasesar,0.17187494039535522,0.10351561848074198
permuted_labels,26,quorumweave,0.0546875,0.10351561848074198
permuted_labels,26,shardbloom,-0.078125,0.10351561848074198
permuted_labels,27,anchorshift,-0.0390625,-0.09082030691206455
permuted_labels,27,driftgate,-0.28125,-0.09082030691206455
permuted_labels,27,fluxpatch,-0.203125,-0.09082030691206455
permuted_labels,27,motifbridge,-0.24999995529651642,-0.09082030691206455
permuted_labels,27,phasenest,0.046875,-0.09082030691206455
permuted_labels,27,phasesar,0.125,-0.09082030691206455
permuted_labels,27,quorumweave,-0.140625,-0.09082030691206455
permuted_labels,27,shardbloom,0.015625,-0.09082030691206455
permuted_labels,28,anchorshift,0.0234375,0.126953125
permuted_labels,28,driftgate,0.2812500298023224,0.126953125
permuted_labels,28,fluxpatch,0.171875,0.126953125
permuted_labels,28,motifbridge,0.1718750298023224,0.126953125
permuted_labels,28,phasenest,0.171875,0.126953125
permuted_labels,28,phasesar,0.23437494039535522,0.126953125
permuted_labels,28,quorumweave,-0.0390625,0.126953125
permuted_labels,28,shardbloom,0.0,0.126953125
permuted_labels,29,anchorshift,-0.125,-0.1181640699505806
permuted_labels,29,driftgate,-0.359375,-0.1181640699505806
permuted_labels,29,fluxpatch,-0.109375,-0.1181640699505806
permuted_labels,29,motifbridge,-0.2656249850988388,-0.1181640699505806
permuted_labels,29,phasenest,-0.015625014901161194,-0.1181640699505806
permuted_labels,29,phasesar,0.18749994039535522,-0.1181640699505806
permuted_labels,29,quorumweave,-0.2109375,-0.1181640699505806
permuted_labels,29,shardbloom,-0.046875,-0.1181640699505806
permuted_labels,30,anchorshift,0.02343738079071045,0.15136714931577444
permuted_labels,30,driftgate,0.28125,0.15136714931577444
permuted_labels,30,fluxpatch,0.250000037252903,0.15136714931577444
permuted_labels,30,motifbridge,0.0937500149011612,0.15136714931577444
permuted_labels,30,phasenest,0.09375,0.15136714931577444
permuted_labels,30,phasesar,0.2968747615814209,0.15136714931577444
permuted_labels,30,quorumweave,0.0625,0.15136714931577444
permuted_labels,30,shardbloom,0.109375,0.15136714931577444
permuted_labels,31,anchorshift,-0.3359375,-0.2773437574505806
permuted_labels,31,driftgate,-0.3125,-0.2773437574505806
permuted_labels,31,fluxpatch,-0.2187500074505806,-0.2773437574505806
permuted_labels,31,motifbridge,-0.2812499925494194,-0.2773437574505806
permuted_labels,31,phasenest,-0.203125,-0.2773437574505806
permuted_labels,31,phasesar,-0.21875005960464478,-0.2773437574505806
permuted_labels,31,quorumweave,-0.3984375,-0.2773437574505806
permuted_labels,31,shardbloom,-0.25,-0.2773437574505806
permuted_labels,32,anchorshift,-0.125,-0.13769533298909664
permuted_labels,32,driftgate,-0.015624970197677612,-0.13769533298909664
permuted_labels,32,fluxpatch,-0.140625,-0.13769533298909664
permuted_labels,32,motifbridge,-0.234375,-0.13769533298909664
permuted_labels,32,phasenest,-0.1562500149011612,-0.13769533298909664
permuted_labels,32,phasesar,-0.15625017881393433,-0.13769533298909664
permuted_labels,32,quorumweave,-0.2734375,-0.13769533298909664
permuted_labels,32,shardbloom,0.0,-0.13769533298909664
permuted_labels,33,anchorshift,-0.140625,-0.11718751024454832
permuted_labels,33,driftgate,-0.07812505960464478,-0.11718751024454832
permuted_labels,33,fluxpatch,-0.234375,-0.11718751024454832
permuted_labels,33,motifbridge,-0.18749996274709702,-0.11718751024454832
permuted_labels,33,phasenest,0.078125,-0.11718751024454832
permuted_labels,33,phasesar,0.015624940395355225,-0.11718751024454832
permuted_labels,33,quorumweave,-0.1875,-0.11718751024454832
permuted_labels,33,shardbloom,-0.203125,-0.11718751024454832
permuted_labels,34,anchorshift,0.1796875,0.08984373230487108
permuted_labels,34,driftgate,0.125,0.08984373230487108
permuted_labels,34,fluxpatch,0.125,0.08984373230487108
permuted_labels,34,motifbridge,0.2500000223517418,0.08984373230487108
permuted_labels,34,phasenest,0.1718750149011612,0.08984373230487108
permuted_labels,34,phasesar,-0.015625178813934326,0.08984373230487108
permuted_labels,34,quorumweave,-0.1953125,0.08984373230487108
permuted_labels,34,shardbloom,0.078125,0.08984373230487108
permuted_labels,35,anchorshift,0.1328125,0.029296875
permuted_labels,35,driftgate,-0.07812494039535522,0.029296875
permuted_labels,35,fluxpatch,0.328125,0.029296875
permuted_labels,35,motifbridge,-0.140625,0.029296875
permuted_labels,35,phasenest,-0.0625,0.029296875
permuted_labels,35,phasesar,0.12499994039535522,0.029296875
permuted_labels,35,quorumweave,-0.1328125,0.029296875
permuted_labels,35,shardbloom,0.0625,0.029296875
permuted_labels,36,anchorshift,0.078125,-0.017578125
permuted_labels,36,driftgate,-0.140625,-0.017578125
permuted_labels,36,fluxpatch,0.015624992549419403,-0.017578125
permuted_labels,36,motifbridge,0.0468750074505806,-0.017578125
permuted_labels,36,phasenest,-0.109375,-0.017578125
permuted_labels,36,phasesar,0.0625,-0.017578125
permuted_labels,36,quorumweave,-0.09375,-0.017578125
permuted_labels,36,shardbloom,0.0,-0.017578125
permuted_labels,37,anchorshift,0.3046875,0.19824217911809683
permuted_labels,37,driftgate,0.328125,0.19824217911809683
permuted_labels,37,fluxpatch,0.0625,0.19824217911809683
permuted_labels,37,motifbridge,0.1874999925494194,0.19824217911809683
permuted_labels,37,phasenest,0.296875,0.19824217911809683
permuted_labels,37,phasesar,0.2812499403953552,0.19824217911809683
permuted_labels,37,quorumweave,0.109375,0.19824217911809683
permuted_labels,37,shardbloom,0.015625,0.19824217911809683
permuted_labels,38,anchorshift,-0.2734375,-0.17382813151925802
permuted_labels,38,driftgate,-0.078125,-0.17382813151925802
permuted_labels,38,fluxpatch,-0.015625,-0.17382813151925802
permuted_labels,38,motifbridge,-0.2031249925494194,-0.17382813151925802
permuted_labels,38,phasenest,-0.109375,-0.17382813151925802
permuted_labels,38,phasesar,-5.960464477539063e-08,-0.17382813151925802
permuted_labels,38,quorumweave,-0.4453125,-0.17382813151925802
permuted_labels,38,shardbloom,-0.265625,-0.17382813151925802
permuted_labels,39,anchorshift,-0.0546875,-0.08593750558793545
permuted_labels,39,driftgate,-0.15625,-0.08593750558793545
permuted_labels,39,fluxpatch,0.2187500074505806,-0.08593750558793545
permuted_labels,39,motifbridge,-0.015624992549419403,-0.08593750558793545
permuted_labels,39,phasenest,-0.109375,-0.08593750558793545
permuted_labels,39,phasesar,-0.07812505960464478,-0.08593750558793545
permuted_labels,39,quorumweave,-0.3203125,-0.08593750558793545
permuted_labels,39,shardbloom,-0.171875,-0.08593750558793545
permuted_labels,40,anchorshift,-0.1796875,-0.1865234263241291
permuted_labels,40,driftgate,-0.1718749701976776,-0.1865234263241291
permuted_labels,40,fluxpatch,-0.3125000074505806,-0.1865234263241291
permuted_labels,40,motifbridge,-0.031249992549419403,-0.1865234263241291
permuted_labels,40,phasenest,-0.125,-0.1865234263241291
permuted_labels,40,phasesar,-0.17187494039535522,-0.1865234263241291
permuted_labels,40,quorumweave,-0.3125,-0.1865234263241291
permuted_labels,40,shardbloom,-0.1875,-0.1865234263241291
permuted_labels,41,anchorshift,-0.2890625,-0.16113280970603228
permuted_labels,41,driftgate,-0.203125,-0.16113280970603228
permuted_labels,41,fluxpatch,0.1250000074505806,-0.16113280970603228
permuted_labels,41,motifbridge,-0.062499985098838806,-0.16113280970603228
permuted_labels,41,phasenest,-0.078125,-0.16113280970603228
permuted_labels,41,phasesar,-0.140625,-0.16113280970603228
permuted_labels,41,quorumweave,-0.4375,-0.16113280970603228
permuted_labels,41,shardbloom,-0.203125,-0.16113280970603228
permuted_labels,42,anchorshift,-0.1171875,-0.05175781901925802
permuted_labels,42,driftgate,-0.015625,-0.05175781901925802
permuted_labels,42,fluxpatch,0.03125,-0.05175781901925802
permuted_labels,42,motifbridge,-0.1562499925494194,-0.05175781901925802
permuted_labels,42,phasenest,0.171875,-0.05175781901925802
permuted_labels,42,phasesar,0.10937494039535522,-0.05175781901925802
permuted_labels,42,quorumweave,-0.265625,-0.05175781901925802
permuted_labels,42,shardbloom,-0.171875,-0.05175781901925802
permuted_labels,43,anchorshift,0.03125,0.04589842353016138
permuted_labels,43,driftgate,0.234375,0.04589842353016138
permuted_labels,43,fluxpatch,0.1874999850988388,0.04589842353016138
permuted_labels,43,motifbridge,7.450580596923828e-09,0.04589842353016138
permuted_labels,43,phasenest,-0.1874999850988388,0.04589842353016138
permuted_labels,43,phasesar,0.01562488079071045,0.04589842353016138
permuted_labels,43,quorumweave,-0.0546875,0.04589842353016138
permuted_labels,43,shardbloom,0.140625,0.04589842353016138
permuted_labels,44,anchorshift,0.125,0.04492186848074198
permuted_labels,44,driftgate,0.046875,0.04492186848074198
permuted_labels,44,fluxpatch,-0.015625,0.04492186848074198
permuted_labels,44,motifbridge,-0.2656249925494194,0.04492186848074198
permuted_labels,44,phasenest,0.140625,0.04492186848074198
permuted_labels,44,phasesar,0.15624994039535522,0.04492186848074198
permuted_labels,44,quorumweave,0.046875,0.04492186848074198
permuted_labels,44,shardbloom,0.125,0.04492186848074198
permuted_labels,45,anchorshift,0.1484375,0.07031248789280653
permuted_labels,45,driftgate,0.15624994039535522,0.07031248789280653
permuted_labels,45,fluxpatch,0.421875,0.07031248789280653
permuted_labels,45,motifbridge,-0.015624992549419403,0.07031248789280653
permuted_labels,45,phasenest,0.0781250149011612,0.07031248789280653
permuted_labels,45,phasesar,0.09374994039535522,0.07031248789280653
permuted_labels,45,quorumweave,-0.2265625,0.07031248789280653
permuted_labels,45,shardbloom,-0.09375,0.07031248789280653
permuted_labels,46,anchorshift,0.1328125,0.10253905784338713
permuted_labels,46,driftgate,0.140625,0.10253905784338713
permuted_labels,46,fluxpatch,0.125,0.10253905784338713
permuted_labels,46,motifbridge,-0.031249962747097015,0.10253905784338713
permuted_labels,46,phasenest,-0.0781250149011612,0.10253905784338713
permuted_labels,46,phasesar,0.17187494039535522,0.10253905784338713
permuted_labels,46,quorumweave,0.0625,0.10253905784338713
permuted_labels,46,shardbloom,0.296875,0.10253905784338713
permuted_labels,47,anchorshift,-0.015625,0.09082031343132257
permuted_labels,47,driftgate,0.3593749701976776,0.09082031343132257
permuted_labels,47,fluxpatch,0.0937500074505806,0.09082031343132257
permuted_labels,47,motifbridge,0.1718750298023224,0.09082031343132257
permuted_labels,47,phasenest,0.046875,0.09082031343132257
permuted_labels,47,phasesar,0.109375,0.09082031343132257
permuted_labels,47,quorumweave,-0.1171875,0.09082031343132257
permuted_labels,47,shardbloom,0.078125,0.09082031343132257
permuted_labels,48,anchorshift,-0.0703125,0.029296875931322575
permuted_labels,48,driftgate,0.15625,0.029296875931322575
permuted_labels,48,fluxpatch,0.1093750074505806,0.029296875931322575
permuted_labels,48,motifbridge,0.359375,0.029296875931322575
permuted_labels,48,phasenest,-0.0625,0.029296875931322575
permuted_labels,48,phasesar,0.015625,0.029296875931322575
permuted_labels,48,quorumweave,-0.2578125,0.029296875931322575
permuted_labels,48,shardbloom,-0.015625,0.029296875931322575
permuted_labels,49,anchorshift,0.0078125,0.0332031212747097
permuted_labels,49,driftgate,0.09375,0.0332031212747097
permuted_labels,49,fluxpatch,-0.01562497764825821,0.0332031212747097
permuted_labels,49,motifbridge,0.0937500074505806,0.0332031212747097
permuted_labels,49,phasenest,-0.15625,0.0332031212747097
permuted_labels,49,phasesar,0.10156244039535522,0.0332031212747097
permuted_labels,49,quorumweave,-0.0625,0.0332031212747097
permuted_labels,49,shardbloom,0.203125,0.0332031212747097
permuted_labels,50,anchorshift,0.1484375,0.044921874068677425
permuted_labels,50,driftgate,-0.078125,0.044921874068677425
permuted_labels,50,fluxpatch,0.046875,0.044921874068677425
permuted_labels,50,motifbridge,0.03125005215406418,0.044921874068677425
permuted_labels,50,phasenest,0.1875,0.044921874068677425
permuted_labels,50,phasesar,0.17187494039535522,0.044921874068677425
permuted_labels,50,quorumweave,-0.0859375,0.044921874068677425
permuted_labels,50,shardbloom,-0.0625,0.044921874068677425
permuted_labels,51,anchorshift,0.2734375,0.18359375465661287
permuted_labels,51,driftgate,0.2031250298023224,0.18359375465661287
permuted_labels,51,fluxpatch,0.2968750074505806,0.18359375465661287
permuted_labels,51,motifbridge,0.046875,0.18359375465661287
permuted_labels,51,phasenest,0.046875,0.18359375465661287
permuted_labels,51,phasesar,0.203125,0.18359375465661287
permuted_labels,51,quorumweave,0.0859375,0.18359375465661287
permuted_labels,51,shardbloom,0.3125,0.18359375465661287
permuted_labels,52,anchorshift,0.25,0.1601562462747097
permuted_labels,52,driftgate,0.28125,0.1601562462747097
permuted_labels,52,fluxpatch,0.2812500223517418,0.1601562462747097
permuted_labels,52,motifbridge,0.0937500074505806,0.1601562462747097
permuted_labels,52,phasenest,-0.03125,0.1601562462747097
permuted_labels,52,phasesar,0.23437494039535522,0.1601562462747097
permuted_labels,52,quorumweave,0.0625,0.1601562462747097
permuted_labels,52,shardbloom,0.109375,0.1601562462747097
permuted_labels,53,anchorshift,-0.28125,-0.1943359449505806
permuted_labels,53,driftgate,-0.21875,-0.1943359449505806
permuted_labels,53,fluxpatch,-0.25,-0.1943359449505806
permuted_labels,53,motifbridge,-0.296875,-0.1943359449505806
permuted_labels,53,phasenest,-0.078125,-0.1943359449505806
permuted_labels,53,phasesar,-0.14062505960464478,-0.1943359449505806
permuted_labels,53,quorumweave,-0.1015625,-0.1943359449505806
permuted_labels,53,shardbloom,-0.1875,-0.1943359449505806
permuted_labels,54,anchorshift,0.046875,0.01660154853016138
permuted_labels,54,driftgate,0.15625,0.01660154853016138
permuted_labels,54,fluxpatch,-0.046875,0.01660154853016138
permuted_labels,54,motifbridge,-0.0937499925494194,0.01660154853016138
permuted_labels,54,phasenest,0.015625,0.01660154853016138
permuted_labels,54,phasesar,0.21874988079071045,0.01660154853016138
permuted_labels,54,quorumweave,-0.0859375,0.01660154853016138
permuted_labels,54,shardbloom,-0.078125,0.01660154853016138
permuted_labels,55,anchorshift,0.1953125,0.2675781277939677
permuted_labels,55,driftgate,0.40625,0.2675781277939677
permuted_labels,55,fluxpatch,0.484375,0.2675781277939677
permuted_labels,55,motifbridge,0.5781250074505806,0.2675781277939677
permuted_labels,55,phasenest,0.046875014901161194,0.2675781277939677
permuted_labels,55,phasesar,0.1875,0.2675781277939677
permuted_labels,55,quorumweave,0.0703125,0.2675781277939677
permuted_labels,55,shardbloom,0.171875,0.2675781277939677
permuted_labels,56,anchorshift,0.328125,0.2939452975988388
permuted_labels,56,driftgate,0.4375,0.2939452975988388
permuted_labels,56,fluxpatch,0.2812499925494194,0.2939452975988388
permuted_labels,56,motifbridge,0.2968750074505806,0.2939452975988388
permuted_labels,56,phasenest,0.328125,0.2939452975988388
permuted_labels,56,phasesar,0.37499988079071045,0.2939452975988388
permuted_labels,56,quorumweave,0.1640625,0.2939452975988388
permuted_labels,56,shardbloom,0.140625,0.2939452975988388
permuted_labels,57,anchorshift,-0.2421875,-0.10449218843132257
permuted_labels,57,driftgate,0.0,-0.10449218843132257
permuted_labels,57,fluxpatch,0.0781250149011612,-0.10449218843132257
permuted_labels,57,motifbridge,-0.14062496274709702,-0.10449218843132257
permuted_labels,57,phasenest,0.015625,-0.10449218843132257
permuted_labels,57,phasesar,-5.960464477539063e-08,-0.10449218843132257
permuted_labels,57,quorumweave,-0.109375,-0.10449218843132257
permuted_labels,57,shardbloom,-0.4375,-0.10449218843132257
permuted_labels,58,anchorshift,0.0234375,-0.034179700538516045
permuted_labels,58,driftgate,-0.25,-0.034179700538516045
permuted_labels,58,fluxpatch,0.046874962747097015,-0.034179700538516045
permuted_labels,58,motifbridge,0.0468749925494194,-0.034179700538516045
permuted_labels,58,phasenest,-0.015625,-0.034179700538516045
permuted_labels,58,phasesar,-0.12500005960464478,-0.034179700538516045
permuted_labels,58,quorumweave,-0.09375,-0.034179700538516045
permuted_labels,58,shardbloom,0.09375,-0.034179700538516045
permuted_labels,59,anchorshift,0.2421875,0.1455078050494194
permuted_labels,59,driftgate,0.109375,0.1455078050494194
permuted_labels,59,fluxpatch,0.3749999925494194,0.1455078050494194
permuted_labels,59,motifbridge,0.3281250074505806,0.1455078050494194
permuted_labels,59,phasenest,0.203125,0.1455078050494194
permuted_labels,59,phasesar,0.14062494039535522,0.1455078050494194
permuted_labels,59,quorumweave,-0.171875,0.1455078050494194
permuted_labels,59,shardbloom,-0.0625,0.1455078050494194
permuted_labels,60,anchorshift,0.15625,0.07324218098074198
permuted_labels,60,driftgate,0.15625,0.07324218098074198
permuted_labels,60,fluxpatch,0.0937500074505806,0.07324218098074198
permuted_labels,60,motifbridge,-0.21875,0.07324218098074198
permuted_labels,60,phasenest,-0.15625,0.07324218098074198
permuted_labels,60,phasesar,0.3437499403953552,0.07324218098074198
permuted_labels,60,quorumweave,0.0546875,0.07324218098074198
permuted_labels,60,shardbloom,0.15625,0.07324218098074198
permuted_labels,61,anchorshift,0.1953125,0.10937497857958078
permuted_labels,61,driftgate,0.078125,0.10937497857958078
permuted_labels,61,fluxpatch,0.06249997019767761,0.10937497857958078
permuted_labels,61,motifbridge,3.725290298461914e-08,0.10937497857958078
permuted_labels,61,phasenest,0.140625,0.10937497857958078
permuted_labels,61,phasesar,0.15624982118606567,0.10937497857958078
permuted_labels,61,quorumweave,0.0390625,0.10937497857958078
permuted_labels,61,shardbloom,0.203125,0.10937497857958078
permuted_labels,62,anchorshift,0.0390625,-0.10546875
permuted_labels,62,driftgate,-0.28125,-0.10546875
permuted_labels,62,fluxpatch,-0.1875000074505806,-0.10546875
permuted_labels,62,motifbridge,-0.3437499925494194,-0.10546875
permuted_labels,62,phasenest,-0.046875,-0.10546875
permuted_labels,62,phasesar,0.15625,-0.10546875
permuted_labels,62,quorumweave,-0.0859375,-0.10546875
permuted_labels,62,shardbloom,-0.09375,-0.10546875
permuted_labels,63,anchorshift,0.21875,0.29492186661809683
permuted_labels,63,driftgate,0.390625,0.29492186661809683
permuted_labels,63,fluxpatch,0.296875,0.29492186661809683
permuted_labels,63,motifbridge,0.5468750074505806,0.29492186661809683
permuted_labels,63,phasenest,0.0937499850988388,0.29492186661809683
permuted_labels,63,phasesar,0.4218749403953552,0.29492186661809683
permuted_labels,63,quorumweave,0.171875,0.29492186661809683
permuted_labels,63,shardbloom,0.21875,0.29492186661809683
permuted_labels,64,anchorshift,0.21875,0.22558593284338713
permuted_labels,64,driftgate,0.421875,0.22558593284338713
permuted_labels,64,fluxpatch,0.28125,0.22558593284338713
permuted_labels,64,motifbridge,0.3593750074505806,0.22558593284338713
permuted_labels,64,phasenest,0.1250000149011612,0.22558593284338713
permuted_labels,64,phasesar,0.21874994039535522,0.22558593284338713
permuted_labels,64,quorumweave,-0.0078125,0.22558593284338713
permuted_labels,64,shardbloom,0.1875,0.22558593284338713
permuted_labels,65,anchorshift,0.1015625,0.16015625186264515
permuted_labels,65,driftgate,0.21875,0.16015625186264515
permuted_labels,65,fluxpatch,0.1093750074505806,0.16015625186264515
permuted_labels,65,motifbridge,0.4843750074505806,0.16015625186264515
permuted_labels,65,phasenest,0.15625,0.16015625186264515
permuted_labels,65,phasesar,0.21875,0.16015625186264515
permuted_labels,65,quorumweave,-0.1015625,0.16015625186264515
permuted_labels,65,shardbloom,0.09375,0.16015625186264515
permuted_labels,66,anchorshift,0.2890625,0.26660154946148396
permuted_labels,66,driftgate,0.375,0.26660154946148396
permuted_labels,66,fluxpatch,0.1562500074505806,0.26660154946148396
permuted_labels,66,motifbridge,0.5000000074505806,0.26660154946148396
permuted_labels,66,phasenest,0.140625,0.26660154946148396
permuted_labels,66,phasesar,0.28906238079071045,0.26660154946148396
permuted_labels,66,quorumweave,0.1171875,0.26660154946148396
permuted_labels,66,shardbloom,0.265625,0.26660154946148396
permuted_labels,67,anchorshift,-0.03125,0.05078126024454832
permuted_labels,67,driftgate,0.1875,0.05078126024454832
permuted_labels,67,fluxpatch,0.1718750149011612,0.05078126024454832
permuted_labels,67,motifbridge,0.0625000074505806,0.05078126024454832
permuted_labels,67,phasenest,0.0,0.05078126024454832
permuted_labels,67,phasesar,0.14062494039535522,0.05078126024454832
permuted_labels,67,quorumweave,-0.140625,0.05078126024454832
permuted_labels,67,shardbloom,0.01562511920928955,0.05078126024454832
permuted_labels,68,anchorshift,0.1171875,0.19140625465661287
permuted_labels,68,driftgate,0.2187499701976776,0.19140625465661287
permuted_labels,68,fluxpatch,0.390625,0.19140625465661287
permuted_labels,68,motifbridge,0.2812500074505806,0.19140625465661287
permuted_labels,68,phasenest,0.21875,0.19140625465661287
permuted_labels,68,phasesar,0.23437494039535522,0.19140625465661287
permuted_labels,68,quorumweave,-0.0390625,0.19140625465661287
permuted_labels,68,shardbloom,0.10937511920928955,0.19140625465661287
permuted_labels,69,anchorshift,-0.0703125,0.058593752793967724
permuted_labels,69,driftgate,0.078125,0.058593752793967724
permuted_labels,69,fluxpatch,-0.015625,0.058593752793967724
permuted_labels,69,motifbridge,0.2500000223517418,0.058593752793967724
permuted_labels,69,phasenest,-0.03125,0.058593752793967724
permuted_labels,69,phasesar,0.15624988079071045,0.058593752793967724
permuted_labels,69,quorumweave,0.0078125,0.058593752793967724
permuted_labels,69,shardbloom,0.09375011920928955,0.058593752793967724
permuted_labels,70,anchorshift,0.1875,0.17968748230487108
permuted_labels,70,driftgate,0.171875,0.17968748230487108
permuted_labels,70,fluxpatch,0.3593749850988388,0.17968748230487108
permuted_labels,70,motifbridge,0.1718749925494194,0.17968748230487108
permuted_labels,70,phasenest,0.21875,0.17968748230487108
permuted_labels,70,phasesar,0.29687488079071045,0.17968748230487108
permuted_labels,70,quorumweave,-0.0625,0.17968748230487108
permuted_labels,70,shardbloom,0.09375,0.17968748230487108
permuted_labels,71,anchorshift,0.203125,0.21582030318677425
permuted_labels,71,driftgate,0.1875,0.21582030318677425
permuted_labels,71,fluxpatch,0.1874999776482582,0.21582030318677425
permuted_labels,71,motifbridge,0.5312500074505806,0.21582030318677425
permuted_labels,71,phasenest,0.1875,0.21582030318677425
permuted_labels,71,phasesar,0.20312494039535522,0.21582030318677425
permuted_labels,71,quorumweave,0.0546875,0.21582030318677425
permuted_labels,71,shardbloom,0.171875,0.21582030318677425
permuted_labels,72,anchorshift,0.1640625,0.11816404480487108
permuted_labels,72,driftgate,-0.0625,0.11816404480487108
permuted_labels,72,fluxpatch,0.06249997019767761,0.11816404480487108
permuted_labels,72,motifbridge,0.2343750074505806,0.11816404480487108
permuted_labels,72,phasenest,0.0,0.11816404480487108
permuted_labels,72,phasesar,0.18749988079071045,0.11816404480487108
permuted_labels,72,quorumweave,0.03125,0.11816404480487108
permuted_labels,72,shardbloom,0.328125,0.11816404480487108
permuted_labels,73,anchorshift,0.1171875,0.05664061661809683
permuted_labels,73,driftgate,0.0625,0.05664061661809683
permuted_labels,73,fluxpatch,0.1562499925494194,0.05664061661809683
permuted_labels,73,motifbridge,-0.15625,0.05664061661809683
permuted_labels,73,phasenest,0.046875,0.05664061661809683
permuted_labels,73,phasesar,0.19531244039535522,0.05664061661809683
permuted_labels,73,quorumweave,-0.078125,0.05664061661809683
permuted_labels,73,shardbloom,0.109375,0.05664061661809683
permuted_labels,74,anchorshift,-0.046875,-0.1044921986758709
permuted_labels,74,driftgate,-0.203125,-0.1044921986758709
permuted_labels,74,fluxpatch,-0.09375,-0.1044921986758709
permuted_labels,74,motifbridge,-0.3124999701976776,-0.1044921986758709
permuted_labels,74,phasenest,-0.171875,-0.1044921986758709
permuted_labels,74,phasesar,0.03124988079071045,-0.1044921986758709
permuted_labels,74,quorumweave,-0.1328125,-0.1044921986758709
permuted_labels,74,shardbloom,0.09375,-0.1044921986758709
permuted_labels,75,anchorshift,-0.140625,-0.02343751024454832
permuted_labels,75,driftgate,0.2031249701976776,-0.02343751024454832
permuted_labels,75,fluxpatch,0.015625,-0.02343751024454832
permuted_labels,75,motifbridge,0.015625007450580597,-0.02343751024454832
permuted_labels,75,phasenest,-0.046875,-0.02343751024454832
permuted_labels,75,phasesar,0.062499940395355225,-0.02343751024454832
permuted_labels,75,quorumweave,-0.234375,-0.02343751024454832
permuted_labels,75,shardbloom,-0.0625,-0.02343751024454832
permuted_labels,76,anchorshift,-0.203125,-0.16894531808793545
permuted_labels,76,driftgate,-0.265625,-0.16894531808793545
permuted_labels,76,fluxpatch,-0.1718750074505806,-0.16894531808793545
permuted_labels,76,motifbridge,-0.2187499925494194,-0.16894531808793545
permuted_labels,76,phasenest,-0.0937499850988388,-0.16894531808793545
permuted_labels,76,phasesar,-0.015625059604644775,-0.16894531808793545
permuted_labels,76,quorumweave,-0.2109375,-0.16894531808793545
permuted_labels,76,shardbloom,-0.171875,-0.16894531808793545
permuted_labels,77,anchorshift,0.5,0.36328125931322575
permuted_labels,77,driftgate,0.40625,0.36328125931322575
permuted_labels,77,fluxpatch,0.1875000074505806,0.36328125931322575
permuted_labels,77,motifbridge,0.5625000074505806,0.36328125931322575
permuted_labels,77,phasenest,0.34375,0.36328125931322575
permuted_labels,77,phasesar,0.4374999403953552,0.36328125931322575
permuted_labels,77,quorumweave,0.109375,0.36328125931322575
permuted_labels,77,shardbloom,0.35937511920928955,0.36328125931322575
permuted_labels,78,anchorshift,-0.1875,-0.13671875093132257
permuted_labels,78,driftgate,-0.015625,-0.13671875093132257
permuted_labels,78,fluxpatch,-0.140625,-0.13671875093132257
permuted_labels,78,motifbridge,3.725290298461914e-08,-0.13671875093132257
permuted_labels,78,phasenest,-0.1093749850988388,-0.13671875093132257
permuted_labels,78,phasesar,-5.960464477539063e-08,-0.13671875093132257
permuted_labels,78,quorumweave,-0.375,-0.13671875093132257
permuted_labels,78,shardbloom,-0.265625,-0.13671875093132257
permuted_labels,79,anchorshift,-0.125,-0.14257813338190317
permuted_labels,79,driftgate,-0.1875,-0.14257813338190317
permuted_labels,79,fluxpatch,-0.2500000074505806,-0.14257813338190317
permuted_labels,79,motifbridge,-0.1249999850988388,-0.14257813338190317
permuted_labels,79,phasenest,0.031249985098838806,-0.14257813338190317
permuted_labels,79,phasesar,-0.09375005960464478,-0.14257813338190317
permuted_labels,79,quorumweave,-0.203125,-0.14257813338190317
permuted_labels,79,shardbloom,-0.1875,-0.14257813338190317
permuted_labels,80,anchorshift,-0.078125,-0.1376953199505806
permuted_labels,80,driftgate,-0.265625,-0.1376953199505806
permuted_labels,80,fluxpatch,-0.0624999925494194,-0.1376953199505806
permuted_labels,80,motifbridge,-0.1562500223517418,-0.1376953199505806
permuted_labels,80,phasenest,-0.2031249850988388,-0.1376953199505806
permuted_labels,80,phasesar,-0.10937505960464478,-0.1376953199505806
permuted_labels,80,quorumweave,-0.2421875,-0.1376953199505806
permuted_labels,80,shardbloom,0.015625,-0.1376953199505806
permuted_labels,81,anchorshift,-0.0078125,-0.11230468656867743
permuted_labels,81,driftgate,-0.28125,-0.11230468656867743
permuted_labels,81,fluxpatch,-0.15625,-0.11230468656867743
permuted_labels,81,motifbridge,-0.015624992549419403,-0.11230468656867743
permuted_labels,81,phasenest,-0.15625,-0.11230468656867743
permuted_labels,81,phasesar,-0.015625,-0.11230468656867743
permuted_labels,81,quorumweave,-0.203125,-0.11230468656867743
permuted_labels,81,shardbloom,-0.0625,-0.11230468656867743
permuted_labels,82,anchorshift,0.2578125,0.1718749925494194
permuted_labels,82,driftgate,0.046875,0.1718749925494194
permuted_labels,82,fluxpatch,0.03125,0.1718749925494194
permuted_labels,82,motifbridge,0.015625,0.1718749925494194
permuted_labels,82,phasenest,0.15625,0.1718749925494194
permuted_labels,82,phasesar,0.4062499403953552,0.1718749925494194
permuted_labels,82,quorumweave,0.1796875,0.1718749925494194
permuted_labels,82,shardbloom,0.28125,0.1718749925494194
permuted_labels,83,anchorshift,0.0390625,-0.003906240686774254
permuted_labels,83,driftgate,-0.109375,-0.003906240686774254
permuted_labels,83,fluxpatch,0.0625000074505806,-0.003906240686774254
permuted_labels,83,motifbridge,0.20312512665987015,-0.003906240686774254
permuted_labels,83,phasenest,-0.09375,-0.003906240686774254
permuted_labels,83,phasesar,-0.031250059604644775,-0.003906240686774254
permuted_labels,83,quorumweave,-0.2109375,-0.003906240686774254
permuted_labels,83,shardbloom,0.109375,-0.003906240686774254
permuted_labels,84,anchorshift,0.34375,0.24999998416751623
permuted_labels,84,driftgate,0.4375000298023224,0.24999998416751623
permuted_labels,84,fluxpatch,0.1562500149011612,0.24999998416751623
permuted_labels,84,motifbridge,0.0781250074505806,0.24999998416751623
permuted_labels,84,phasenest,0.171875,0.24999998416751623
permuted_labels,84,phasesar,0.4218748211860657,0.24999998416751623
permuted_labels,84,quorumweave,0.171875,0.24999998416751623
permuted_labels,84,shardbloom,0.21875,0.24999998416751623
permuted_labels,85,anchorshift,-0.1015625,0.02148436475545168
permuted_labels,85,driftgate,0.125,0.02148436475545168
permuted_labels,85,fluxpatch,-0.03125,0.02148436475545168
permuted_labels,85,motifbridge,0.07812497764825821,0.02148436475545168
permuted_labels,85,phasenest,0.1875,0.02148436475545168
permuted_labels,85,phasesar,0.14062494039535522,0.02148436475545168
permuted_labels,85,quorumweave,-0.1328125,0.02148436475545168
permuted_labels,85,shardbloom,-0.09375,0.02148436475545168
permuted_labels,86,anchorshift,-0.21875,-0.10156251769512892
permuted_labels,86,driftgate,0.046875,-0.10156251769512892
permuted_labels,86,fluxpatch,-0.09375,-0.10156251769512892
permuted_labels,86,motifbridge,0.10937503725290298,-0.10156251769512892
permuted_labels,86,phasenest,-0.25,-0.10156251769512892
permuted_labels,86,phasesar,-1.7881393432617188e-07,-0.10156251769512892
permuted_labels,86,quorumweave,-0.328125,-0.10156251769512892
permuted_labels,86,shardbloom,-0.078125,-0.10156251769512892
permuted_labels,87,anchorshift,0.1328125,0.15722655784338713
permuted_labels,87,driftgate,0.125,0.15722655784338713
permuted_labels,87,fluxpatch,0.3281250149011612,0.15722655784338713
permuted_labels,87,motifbridge,0.2656250074505806,0.15722655784338713
permuted_labels,87,phasenest,0.296875,0.15722655784338713
permuted_labels,87,phasesar,0.15624994039535522,0.15722655784338713
permuted_labels,87,quorumweave,-0.09375,0.15722655784338713
permuted_labels,87,shardbloom,0.046875,0.15722655784338713
permuted_labels,88,anchorshift,-0.25,-0.25488283578306437
permuted_labels,88,driftgate,-0.484375,-0.25488283578306437
permuted_labels,88,fluxpatch,-0.015625,-0.25488283578306437
permuted_labels,88,motifbridge,-0.3750000223517418,-0.25488283578306437
permuted_labels,88,phasenest,-0.2031249850988388,-0.25488283578306437
permuted_labels,88,phasesar,-0.23437517881393433,-0.25488283578306437
permuted_labels,88,quorumweave,-0.2265625,-0.25488283578306437
permuted_labels,88,shardbloom,-0.25,-0.25488283578306437
permuted_labels,89,anchorshift,-0.0546875,-0.09667970053851604
permuted_labels,89,driftgate,0.015624940395355225,-0.09667970053851604
permuted_labels,89,fluxpatch,0.09375,-0.09667970053851604
permuted_labels,89,motifbridge,-0.2031249850988388,-0.09667970053851604
permuted_labels,89,phasenest,-0.1875,-0.09667970053851604
permuted_labels,89,phasesar,-0.046875059604644775,-0.09667970053851604
permuted_labels,89,quorumweave,-0.375,-0.09667970053851604
permuted_labels,89,shardbloom,-0.015625,-0.09667970053851604
permuted_labels,90,anchorshift,0.1953125,0.011718741618096828
permuted_labels,90,driftgate,0.015625,0.011718741618096828
permuted_labels,90,fluxpatch,-0.0625,0.011718741618096828
permuted_labels,90,motifbridge,-0.1093749925494194,0.011718741618096828
permuted_labels,90,phasenest,-0.1562500149011612,0.011718741618096828
permuted_labels,90,phasesar,0.15624994039535522,0.011718741618096828
permuted_labels,90,quorumweave,-0.0546875,0.011718741618096828
permuted_labels,90,shardbloom,0.109375,0.011718741618096828
permuted_labels,91,anchorshift,0.21875,0.15136717353016138
permuted_labels,91,driftgate,0.296875,0.15136717353016138
permuted_labels,91,fluxpatch,0.046875,0.15136717353016138
permuted_labels,91,motifbridge,0.1406250074505806,0.15136717353016138
permuted_labels,91,phasenest,0.1875,0.15136717353016138
permuted_labels,91,phasesar,0.24999988079071045,0.15136717353016138
permuted_labels,91,quorumweave,0.0703125,0.15136717353016138
permuted_labels,91,shardbloom,0.0,0.15136717353016138
permuted_labels,92,anchorshift,-0.1875,-0.13183594215661287
permuted_labels,92,driftgate,-0.078125,-0.13183594215661287
permuted_labels,92,fluxpatch,0.0781250074505806,-0.13183594215661287
permuted_labels,92,motifbridge,-0.1718749850988388,-0.13183594215661287
permuted_labels,92,phasenest,-0.078125,-0.13183594215661287
permuted_labels,92,phasesar,-0.10937505960464478,-0.13183594215661287
permuted_labels,92,quorumweave,-0.3671875,-0.13183594215661287
permuted_labels,92,shardbloom,-0.140625,-0.13183594215661287
permuted_labels,93,anchorshift,-0.2421875,-0.24316407460719347
permuted_labels,93,driftgate,-0.515625,-0.24316407460719347
permuted_labels,93,fluxpatch,-0.10937502980232239,-0.24316407460719347
permuted_labels,93,motifbridge,-0.2187500074505806,-0.24316407460719347
permuted_labels,93,phasenest,-0.109375,-0.24316407460719347
permuted_labels,93,phasesar,-0.17187505960464478,-0.24316407460719347
permuted_labels,93,quorumweave,-0.265625,-0.24316407460719347
permuted_labels,93,shardbloom,-0.3125,-0.24316407460719347
permuted_labels,94,anchorshift,-0.0625,-0.12792969215661287
permuted_labels,94,driftgate,-0.015624970197677612,-0.12792969215661287
permuted_labels,94,fluxpatch,-0.203125,-0.12792969215661287
permuted_labels,94,motifbridge,-0.2968749925494194,-0.12792969215661287
permuted_labels,94,phasenest,0.1093749850988388,-0.12792969215661287
permuted_labels,94,phasesar,-0.07812505960464478,-0.12792969215661287
permuted_labels,94,quorumweave,-0.28125,-0.12792969215661287
permuted_labels,94,shardbloom,-0.1953125,-0.12792969215661287
permuted_labels,95,anchorshift,0.234375,0.20800780598074198
permuted_labels,95,driftgate,0.1875,0.20800780598074198
permuted_labels,95,fluxpatch,0.0781249925494194,0.20800780598074198
permuted_labels,95,motifbridge,0.7031250149011612,0.20800780598074198
permuted_labels,95,phasenest,0.140625,0.20800780598074198
permuted_labels,95,phasesar,0.2812499403953552,0.20800780598074198
permuted_labels,95,quorumweave,-0.0703125,0.20800780598074198
permuted_labels,95,shardbloom,0.109375,0.20800780598074198
permuted_labels,96,anchorshift,-0.1796875,-0.10156250651925802
permuted_labels,96,driftgate,-0.15625,-0.10156250651925802
permuted_labels,96,fluxpatch,-0.09375,-0.10156250651925802
permuted_labels,96,motifbridge,-0.015624992549419403,-0.10156250651925802
permuted_labels,96,phasenest,-0.09375,-0.10156250651925802
permuted_labels,96,phasesar,-5.960464477539063e-08,-0.10156250651925802
permuted_labels,96,quorumweave,-0.2265625,-0.10156250651925802
permuted_labels,96,shardbloom,-0.046875,-0.10156250651925802
permuted_labels,97,anchorshift,-0.1015625,-0.06738281808793545
permuted_labels,97,driftgate,-0.125,-0.06738281808793545
permuted_labels,97,fluxpatch,-0.0781249925494194,-0.06738281808793545
permuted_labels,97,motifbridge,-0.2187499925494194,-0.06738281808793545
permuted_labels,97,phasenest,-0.140625,-0.06738281808793545
permuted_labels,97,phasesar,0.062499940395355225,-0.06738281808793545
permuted_labels,97,quorumweave,-0.09375,-0.06738281808793545
permuted_labels,97,shardbloom,0.15625,-0.06738281808793545
permuted_labels,98,anchorshift,-0.15625,-0.10742188151925802
permuted_labels,98,driftgate,-0.125,-0.10742188151925802
permuted_labels,98,fluxpatch,0.171875,-0.10742188151925802
permuted_labels,98,motifbridge,-0.2499999925494194,-0.10742188151925802
permuted_labels,98,phasenest,-0.078125,-0.10742188151925802
permuted_labels,98,phasesar,-0.10937505960464478,-0.10742188151925802
permuted_labels,98,quorumweave,-0.15625,-0.10742188151925802
permuted_labels,98,shardbloom,-0.15625,-0.10742188151925802
permuted_labels,99,anchorshift,-0.1953125,-0.16992187593132257
permuted_labels,99,driftgate,-0.140625,-0.16992187593132257
permuted_labels,99,fluxpatch,-0.140625,-0.16992187593132257
permuted_labels,99,motifbridge,-0.2343749925494194,-0.16992187593132257
permuted_labels,99,phasenest,-0.0937500149011612,-0.16992187593132257
permuted_labels,99,phasesar,-0.03125,-0.16992187593132257
permuted_labels,99,quorumweave,-0.1796875,-0.16992187593132257
permuted_labels,99,shardbloom,-0.34375,-0.16992187593132257
