example_id,source_id,condition,split,profile_index,word_count,technical_term_count,matched_terms,generation
resnet:domain_expert:train:0,resnet,domain_expert,train,0,60,2,residual|F(x),"Increasing the depth of a conventional convolutional network leads to higher training errors due to the potential for identity mappings. In contrast, residual blocks mitigate this issue by learning a residual function \(F(x)\) and adding it to the input via a shortcut connection, which allows for the representation of identity mappings more easily and enables optimization of much deeper networks."
resnet:domain_expert:train:1,resnet,domain_expert,train,1,66,2,residual|F(x),"Increasing the depth of a conventional convolutional network leads to higher training errors due to the potential for identity mappings. In contrast, residual blocks learn a residual function \( F(x) \) and add it to the input via a shortcut connection, effectively implementing \( F(x) + x \). This approach allows for identity mappings to be represented more easily, enabling the optimization of much deeper networks."
resnet:domain_expert:train:2,resnet,domain_expert,train,2,60,2,residual|F(x),"Increasing the depth of a conventional convolutional network leads to higher training errors due to the inability to implement identity mappings effectively. In contrast, residual blocks address this issue by learning a residual function \(F(x)\) and adding it to the input via a shortcut connection, which allows for the optimization of deeper networks without encountering the problem of identity mappings."
resnet:domain_expert:train:3,resnet,domain_expert,train,3,56,2,residual|F(x),"Increasing the depth of a conventional convolutional network leads to higher training errors due to the potential for identity mappings. Residual blocks address this issue by learning a residual function \(F(x)\) and adding it to the input via a shortcut connection, which allows for deeper networks to be trained effectively without encountering the vanishing gradient problem."
resnet:domain_expert:validation:4,resnet,domain_expert,validation,4,58,2,residual|F(x),"Increasing the depth of a conventional convolutional network typically leads to higher training error due to the potential for identity mappings. In contrast, residual blocks mitigate this issue by learning a residual function \(F(x)\) and adding it to the input via a shortcut connection, which allows for deeper networks to be optimized without encountering the vanishing gradient problem."
resnet:domain_expert:validation:5,resnet,domain_expert,validation,5,57,2,residual|F(x),"Increasing the depth of a conventional convolutional network leads to higher training error due to the inability to implement identity mappings. In contrast, residual blocks learn a residual function \(F(x)\) and add it to the input via a shortcut connection, effectively allowing the network to train deeper without encountering issues related to mismatched dimensions or identity mappings."
resnet:domain_expert:test:6,resnet,domain_expert,test,6,70,4,residual|F(x)|identity shortcut|projection,"Increasing the depth of a conventional convolutional network leads to higher training error due to the inability to implement identity mappings. In contrast, residual blocks learn a residual function \(F(x)\) and add it to the input via a shortcut connection, effectively allowing the network to train deeper without encountering issues related to identity mappings, as identity shortcuts have zero parameters when dimensions match, and learned projections can handle dimensionality changes."
resnet:domain_expert:test:7,resnet,domain_expert,test,7,59,2,residual|F(x),"Increasing the depth of a conventional convolutional network leads to higher training error due to the potential for identity mappings. In contrast, residual blocks mitigate this issue by learning a residual function \(F(x)\) and adding it to the input via a shortcut connection, which allows for the representation of identity mappings more easily, enabling optimization of much deeper networks."
resnet:matched_other_expert:train:0,resnet,matched_other_expert,train,0,64,2,residual|F(x),"Increasing the depth of a conventional convolutional network leads to higher training errors due to the inability to implement identity mappings effectively. In contrast, residual blocks address this issue by learning a residual function \(F(x)\) and adding it to the input via a shortcut connection, which allows for identity mappings without introducing new parameters when dimensions match, thus enabling optimization of much deeper networks."
resnet:matched_other_expert:train:1,resnet,matched_other_expert,train,1,66,4,residual|F(x)|identity shortcut|projection,"Adding deeper layers to a conventional convolutional network increases training error due to the necessity of implementing non-trivial functions. In contrast, residual blocks learn a residual function \(F(x)\) and add it to the input via a shortcut connection, effectively allowing the network to train deeper without increasing training error, as identity shortcuts require no new parameters when dimensions match, and learned projections can handle dimensionality changes."
resnet:matched_other_expert:train:2,resnet,matched_other_expert,train,2,63,3,residual|F(x)|projection,"Increasing the depth of a conventional convolutional network leads to higher training errors due to the inability to implement identity mappings. In contrast, residual blocks learn a residual function \(F(x)\) and add it to the input via a shortcut connection, allowing for the addition of identity mappings without increasing parameters. Learned projections can handle dimensionality mismatches, enabling the optimization of much deeper networks."
resnet:matched_other_expert:train:3,resnet,matched_other_expert,train,3,67,4,residual|F(x)|identity shortcut|projection,"Adding depth to a conventional convolutional network increases training error due to the necessity of implementing non-trivial functions. In contrast, residual blocks learn a residual function \( F(x) \) and add it to the input via a shortcut connection, effectively allowing the network to train deeper without increasing training error, as identity shortcuts require no additional parameters when dimensions match, and learned projections can handle dimensionality changes."
resnet:matched_other_expert:validation:4,resnet,matched_other_expert,validation,4,55,2,residual|F(x),"Adding deeper layers to a conventional convolutional network increases training error due to the inability to implement identity mappings. In contrast, residual blocks learn a residual function \(F(x)\) and add it to the input via a shortcut connection, allowing for the addition of identity mappings without increasing parameters, which enables optimization of much deeper networks."
resnet:matched_other_expert:validation:5,resnet,matched_other_expert,validation,5,57,2,residual|F(x),"Increasing the depth of a conventional convolutional network leads to higher training errors due to the inability to implement identity mappings effectively. In contrast, residual blocks learn a residual function \(F(x)\) and add it to the input via a shortcut connection, allowing for the addition of identity mappings without increasing parameters, thus enabling optimization of deeper networks."
resnet:matched_other_expert:test:6,resnet,matched_other_expert,test,6,60,2,residual|F(x),"Adding deeper layers to a conventional convolutional network increases training error due to identity mappings. In contrast, residual blocks learn a residual function \( F(x) \) and add it to the input via a shortcut connection, effectively implementing \( F(x) + x \), which allows for the representation of identity mappings more easily and enables optimization of much deeper networks."
resnet:matched_other_expert:test:7,resnet,matched_other_expert,test,7,57,2,residual|F(x),"Increasing the depth of a conventional convolutional network leads to higher training errors due to the inability to implement identity mappings efficiently. In contrast, residual blocks learn a residual function \(F(x)\) and add it to the input via a shortcut connection, allowing for the addition of identity mappings without increasing parameters, thus enabling optimization of deeper networks."
transformer:domain_expert:train:0,transformer,domain_expert,train,0,86,6,self-attention|multi-head|key|value|positional|recurrence,"The Transformer architecture eliminates recurrence and convolution by leveraging attention mechanisms. Encoder layers integrate multi-head self-attention with feed-forward networks, while decoder layers attend to encoder outputs and mask future positions. Scaled dot-product attention involves comparing queries with keys, applying a softmax function, and using the resulting weights to combine values from the keys. Multiple attention heads operate independently in different learned subspaces, allowing the model to capture multi-faceted relationships without relying on sequential recurrence, with positional information added separately and enabling parallel processing across sequence lengths."
transformer:domain_expert:train:1,transformer,domain_expert,train,1,61,4,key|value|positional|recurrence,"The Transformer architecture replaces recurrence and convolution with attention mechanisms, specifically scaled dot-product attention, which combines queries with keys through a softmax function weighted by values. Encoder and decoder layers both incorporate attention to encoder outputs and mask future positions, leveraging multiple heads operating in different learned subspaces to handle positional information without recurrence, thus enabling parallel processing across sequence positions."
transformer:domain_expert:train:2,transformer,domain_expert,train,2,87,6,self-attention|multi-head|key|value|positional|recurrence,"The Transformer architecture eliminates recurrence and convolution by leveraging attention mechanisms. Encoder layers integrate multi-head self-attention with feed-forward networks, while decoder layers attend to encoder outputs and mask future positions. Attention involves comparing queries with keys, applying a softmax function, and using the resulting weights to combine values from the keys. Multiple attention heads operate independently in different learned subspaces, allowing the model to capture multi-dimensional relationships without relying on sequential dependencies. Positional information is incorporated separately to maintain sequence order, enabling parallelizable training across sequence positions."
transformer:domain_expert:train:3,transformer,domain_expert,train,3,56,3,self-attention|multi-head|recurrence,"The Transformer architecture replaces recurrence and convolution with attention mechanisms, specifically scaled dot-product attention, which combines multi-head self-attention with position-wise feed-forward networks. Encoder and decoder layers both incorporate attention to encoder outputs and mask future positions, leveraging multiple attention heads operating in different learned subspaces to process sequences without recurrence, thus enabling parallelization across sequence positions."
transformer:domain_expert:validation:4,transformer,domain_expert,validation,4,89,6,self-attention|multi-head|key|value|positional|recurrence,"The Transformer architecture eliminates recurrence and convolution by employing attention mechanisms. Encoder layers integrate multi-head self-attention with feed-forward networks, while decoder layers attend to encoder outputs and mask future positions. Attention involves comparing queries with keys, applying a softmax function, and using the resulting weights to combine values from the keys' corresponding positions. Multiple attention heads operate independently in different learned subspaces, allowing the model to capture multi-dimensional relationships without relying on sequential dependencies. Positional information is added separately to maintain sequence order, enabling parallelized training across sequence positions."
transformer:domain_expert:validation:5,transformer,domain_expert,validation,5,84,6,self-attention|multi-head|key|value|positional|recurrence,"The Transformer architecture replaces recurrence and convolution with attention mechanisms, where encoder layers integrate multi-head self-attention with feed-forward networks, and decoder layers attend to encoder outputs while masking future positions. Attention involves comparing queries with keys, applying a softmax function, and using the resulting weights to combine values from the keys. Multi-head attention operates independently in different learned subspaces, allowing the model to capture multiple perspectives simultaneously. Positional information is added separately to address the lack of recurrence, enabling parallelized training across sequence positions."
transformer:domain_expert:test:6,transformer,domain_expert,test,6,96,6,self-attention|multi-head|key|value|positional|recurrence,"The Transformer architecture replaces recurrence and convolution with attention mechanisms, where encoder layers integrate multi-head self-attention with feed-forward networks, and decoder layers attend to encoder outputs while masking future positions. Attention involves comparing queries with keys, applying a softmax function, and using the resulting weights to combine values from the keys' corresponding values. Multiple attention heads operate independently in different learned subspaces, allowing the model to capture multiple perspectives on the input sequence without relying on sequential processing or recurrence. Positional information is added separately to maintain sequence order, enabling parallelization across sequence positions during training."
transformer:domain_expert:test:7,transformer,domain_expert,test,7,65,5,multi-head|key|value|positional|recurrence,"The Transformer architecture replaces recurrence and convolution with attention mechanisms, specifically scaled dot-product attention, which combines queries with keys through a softmax function weighted by the values. Encoder and decoder layers both incorporate multi-head attention, where each head operates independently in learned subspaces, allowing for parallelization across sequence positions despite the lack of recurrence. Positional information is added separately to maintain sequence order during training."
transformer:matched_other_expert:train:0,transformer,matched_other_expert,train,0,67,5,self-attention|multi-head|key|value|recurrence,"The Transformer architecture eliminates recurrence and convolution by employing attention mechanisms. Encoder layers integrate multi-head self-attention with feed-forward networks, while decoder layers attend to encoder outputs and mask future positions. Attention involves comparing queries with keys, applying a softmax function, and using the resulting weights to combine values; multiple heads operate independently in different learned subspaces, allowing for parallelization across sequence positions despite the absence of recurrence."
transformer:matched_other_expert:train:1,transformer,matched_other_expert,train,1,38,2,positional|recurrence,"The Transformer architecture replaces recurrence and convolution with scaled dot-product attention mechanisms. Encoder and decoder layers both attend to encoder outputs and incorporate positional embeddings, allowing for parallelization across sequence positions while avoiding recurrence through separate positional encoding."
transformer:matched_other_expert:train:2,transformer,matched_other_expert,train,2,54,3,self-attention|multi-head|recurrence,"The Transformer architecture replaces recurrence and convolution with attention mechanisms, specifically scaled dot-product attention, which combines multi-head self-attention with position-wise feed-forward networks. Encoder and decoder layers both attend to encoder outputs and mask future positions, leveraging multiple heads operating in different learned subspaces to process sequences without recurrence, thus enabling parallelization across sequence positions."
transformer:matched_other_expert:train:3,transformer,matched_other_expert,train,3,55,3,self-attention|multi-head|recurrence,"The Transformer architecture replaces recurrence and convolution with attention mechanisms, specifically scaled dot-product attention, which combines multi-head self-attention with position-wise feed-forward networks. Encoder and decoder layers both attend to encoder outputs and mask future positions, leveraging multiple attention heads operating in different learned subspaces without relying on recurrence, thus enabling parallel processing across sequence positions."
transformer:matched_other_expert:validation:4,transformer,matched_other_expert,validation,4,78,5,multi-head|key|value|positional|recurrence,"The Transformer architecture replaces recurrence and convolution with attention mechanisms, specifically scaled dot-product attention, which combines queries with keys through a softmax function to weigh values from the input sequence. Multi-head attention allows the model to learn multiple linear projections of the input space independently, enabling it to capture different aspects of the input data without relying on sequential dependencies. Positional information is added separately to address the lack of recurrence, allowing for parallelized training across sequence positions."
transformer:matched_other_expert:validation:5,transformer,matched_other_expert,validation,5,84,6,self-attention|multi-head|key|value|positional|recurrence,"The Transformer architecture replaces recurrence and convolution with attention mechanisms, where encoder layers integrate multi-head self-attention with feed-forward networks, and decoder layers attend to encoder outputs while masking future positions. Attention involves comparing queries with keys, applying a softmax function, and using the resulting weights to combine values from the keys. Multiple attention heads operate independently in different learned subspaces, allowing the model to capture multi-dimensional relationships without relying on sequential recurrence, and positional information is added separately to maintain sequence order during training."
transformer:matched_other_expert:test:6,transformer,matched_other_expert,test,6,81,5,self-attention|multi-head|key|value|recurrence,"The Transformer architecture replaces recurrence and convolution with attention mechanisms, where encoder layers integrate multi-head self-attention with feed-forward networks, and decoder layers attend to encoder outputs while masking future positions. Attention involves comparing queries with keys, applying a softmax function, and using the resulting weights to combine values from the keys' corresponding values. Multiple attention heads operate independently in different learned subspaces, allowing the model to capture multi-dimensional dependencies without relying on sequential recurrence, thus enabling parallel processing across sequence positions."
transformer:matched_other_expert:test:7,transformer,matched_other_expert,test,7,55,3,self-attention|multi-head|recurrence,"The Transformer architecture replaces recurrence and convolution with attention mechanisms, specifically scaled dot-product attention, which combines multi-head self-attention with position-wise feed-forward networks. Encoder and decoder layers both attend to encoder outputs and mask future positions, leveraging multiple attention heads operating in different learned subspaces to process sequences without recurrence, thus enabling parallelization across sequence positions."
unet:domain_expert:train:0,unet,domain_expert,train,0,53,2,skip|contracting,"U-Net is a convolutional neural network designed for biomedical image segmentation. It employs a contracting path with repeated convolutions and downsampling to capture contextual information, followed by an expansive path that upsamples these features. Skip connections between the contracting and expansive paths help preserve spatial details, enabling accurate localization despite limited annotated data."
unet:domain_expert:train:1,unet,domain_expert,train,1,52,3,skip|contracting|expanding,"U-Net employs a contracting path with repeated convolutions and downsampling to capture context, followed by an expanding path that upsamples feature maps to recover spatial resolution. Skip connections between corresponding feature maps from the contracting and expanding paths ensure that fine spatial information is preserved, enabling accurate localization despite limited annotated data."
unet:domain_expert:train:2,unet,domain_expert,train,2,64,2,skip|contracting,"U-Net is a convolutional neural network architecture designed for biomedical image segmentation. It employs a contracting path with repeated convolutions and downsampling to capture contextual information, followed by an expansive path that upsamples feature maps to recover spatial resolution. Skip connections between corresponding layers in the contracting and expansive paths ensure that fine spatial details are preserved, enabling accurate localization despite limited annotated data."
unet:domain_expert:train:3,unet,domain_expert,train,3,64,2,skip|contracting,"U-Net is a convolutional neural network architecture designed for biomedical image segmentation. It employs a contracting path with repeated convolutions and downsampling to capture contextual information, followed by an expansive path that upsamples feature maps to recover spatial resolution. Skip connections between corresponding layers of the contracting and expansive paths ensure that fine spatial details are preserved, enabling accurate localization despite limited training data."
unet:domain_expert:validation:4,unet,domain_expert,validation,4,60,3,skip|contracting|expanding,"U-Net is a convolutional neural network designed for biomedical image segmentation. It employs a contracting path with repeated convolutions and downsampling to capture contextual information, followed by an expanding path that upsamples feature maps to recover spatial resolution. Skip connections between the contracting and expanding paths ensure that fine spatial details are preserved, enabling accurate localization despite limited annotated data."
unet:domain_expert:validation:5,unet,domain_expert,validation,5,60,3,skip|contracting|expanding,"U-Net is a convolutional neural network designed for biomedical image segmentation. It employs a contracting path with repeated convolutions and downsampling to capture contextual information, followed by an expanding path that upsamples feature maps to recover spatial resolution. Skip connections between the contracting and expanding paths ensure that fine spatial details are preserved, enabling accurate localization despite limited annotated data."
unet:domain_expert:test:6,unet,domain_expert,test,6,52,2,skip|contracting,"U-Net employs a contracting path with repeated convolutions and downsampling to capture context, followed by an expansive path that upsamples feature maps to recover spatial resolution. Skip connections between corresponding feature maps from the contracting and expansive paths ensure that fine spatial information is preserved, enabling accurate localization despite limited annotated data."
unet:domain_expert:test:7,unet,domain_expert,test,7,53,3,skip|contracting|expanding,"U-Net employs a contracting path with repeated convolutions and downsampling to capture contextual information, followed by an expanding path that upsamples these features to recover spatial resolution. Skip connections between corresponding layers of the contracting and expanding paths ensure that fine spatial details are preserved, enabling accurate segmentation even with limited annotated data."
unet:matched_other_expert:train:0,unet,matched_other_expert,train,0,61,3,skip|contracting|expanding,"U-Net is a convolutional neural network designed for dense image segmentation. It employs a contracting path that applies convolutions and downsampling to capture context, followed by an expanding path that upsamples feature maps to recover spatial resolution. Skip connections between corresponding feature maps from the contracting and expanding paths help preserve fine spatial details, enabling accurate localization despite limited annotated data."
unet:matched_other_expert:train:1,unet,matched_other_expert,train,1,52,3,skip|contracting|expanding,"U-Net employs a contracting path with repeated convolutions and downsampling to capture context, followed by an expanding path that upsamples feature maps to recover spatial resolution. Skip connections between corresponding feature maps from the contracting and expanding paths ensure that fine spatial information is preserved, enabling accurate localization despite limited annotated data."
unet:matched_other_expert:train:2,unet,matched_other_expert,train,2,66,2,skip|contracting,"U-Net is a convolutional neural network architecture designed for dense image segmentation. It employs a contracting path that applies repeated convolutions and downsampling to capture contextual information, followed by an expansive path that upsamples feature maps to recover spatial resolution. Skip connections between corresponding feature maps from the contracting and expansive paths ensure that fine spatial details are preserved, enabling accurate localization despite limited annotated data."
unet:matched_other_expert:train:3,unet,matched_other_expert,train,3,47,3,skip|contracting|expanding,"U-Net employs a contracting path with repeated convolutions and downsampling to capture context, followed by an expanding path that upsamples feature maps to recover spatial resolution. Skip connections between contracting and expanding paths ensure that fine spatial information is preserved, enabling accurate localization despite limited annotated data."
unet:matched_other_expert:validation:4,unet,matched_other_expert,validation,4,59,3,skip|contracting|expanding,"U-Net is a convolutional neural network designed for dense image segmentation. It combines a contracting path that applies convolutions and downsampling to capture context with an expanding path that upsamples feature maps to recover spatial resolution. Skip connections between the contracting and expanding paths ensure that fine spatial information is preserved, enabling accurate localization even with limited annotated data."
unet:matched_other_expert:validation:5,unet,matched_other_expert,validation,5,59,3,skip|contracting|expanding,"U-Net is a convolutional neural network designed for dense image segmentation. It employs a contracting path that applies convolutions and downsampling to capture context, followed by an expanding path that upsamples feature maps to recover spatial resolution. Skip connections between the contracting and expanding paths ensure that fine spatial information is preserved, enabling accurate localization despite limited annotated data."
unet:matched_other_expert:test:6,unet,matched_other_expert,test,6,47,3,skip|contracting|expanding,"U-Net employs a contracting path with repeated convolutions and downsampling to capture context, followed by an expanding path that upsamples feature maps to recover spatial resolution. Skip connections between contracting and expanding paths ensure that fine spatial information is preserved, enabling accurate localization despite limited annotated data."
unet:matched_other_expert:test:7,unet,matched_other_expert,test,7,47,3,skip|contracting|expanding,"U-Net employs a contracting path with repeated convolutions and downsampling to capture context, followed by an expanding path that upsamples feature maps to recover spatial resolution. Skip connections between contracting and expanding paths ensure that fine spatial information is preserved, enabling accurate localization despite limited annotated data."
kriging:domain_expert:train:0,kriging,domain_expert,train,0,62,5,variogram|covariance|unbiased|kriging variance|redundan,"Ordinary kriging predicts values at unobserved locations by combining nearby observed values with weights derived from a variogram model, which considers both spatial covariance and observation redundancy. These weights ensure an unbiased prediction when the underlying mean is constant in the vicinity. The method also provides a kriging variance that reflects the uncertainty due to the sampling design and assumed spatial correlation."
kriging:domain_expert:train:1,kriging,domain_expert,train,1,69,5,variogram|covariance|unbiased|kriging variance|redundan,"Ordinary kriging predicts values at unobserved locations by weighting nearby observations based on their spatial covariance and redundancy, ensuring an unbiased linear predictor when the mean is constant in the vicinity. The method uses a fitted variogram or covariance model to determine weights, which are constrained to sum to one, and it also provides a kriging variance that reflects the uncertainty due to the sampling design and spatial correlation."
kriging:domain_expert:train:2,kriging,domain_expert,train,2,68,5,variogram|covariance|unbiased|kriging variance|redundan,"Ordinary kriging predicts values at unobserved locations by weighting nearby observations based on their spatial covariance and redundancy, ensuring an unbiased linear predictor when the mean is constant in the vicinity. The method uses a fitted variogram or covariance model to determine weights, which are constrained to sum to one, and it provides a kriging variance that reflects the uncertainty due to the sampling design and spatial correlation."
kriging:domain_expert:train:3,kriging,domain_expert,train,3,52,5,variogram|covariance|unbiased|kriging variance|redundan,"Ordinary kriging predicts values at unobserved locations by combining nearby observations with weights derived from a variogram model, which accounts for both spatial covariance and observation redundancy. These weights ensure an unbiased prediction when the mean is constant locally, and they also provide a measure of prediction uncertainty through the kriging variance."
kriging:domain_expert:validation:4,kriging,domain_expert,validation,4,67,4,variogram|covariance|unbiased|kriging variance,"Ordinary kriging predicts values at unobserved locations by combining nearby observed values with weights derived from a variogram model. These weights consider both the spatial covariance between observations and their distances, ensuring an unbiased prediction when the underlying mean is constant in the vicinity. The method also provides a measure of prediction uncertainty through the kriging variance, reflecting the impact of sampling geometry and spatial correlation assumptions."
kriging:domain_expert:validation:5,kriging,domain_expert,validation,5,70,5,variogram|covariance|unbiased|kriging variance|redundan,"Ordinary kriging predicts values at unobserved locations by weighting nearby observations based on their spatial covariance and redundancy, ensuring an unbiased linear predictor when the mean is constant in the vicinity. The method uses a fitted variogram or covariance model to determine these weights, which are constrained to sum to one, and it also provides a kriging variance that reflects the uncertainty due to the sampling design and spatial correlation."
kriging:domain_expert:test:6,kriging,domain_expert,test,6,53,5,variogram|covariance|unbiased|kriging variance|redundan,"Ordinary kriging predicts values at unobserved locations by weighting nearby observations based on their spatial covariance and redundancy, ensuring an unbiased linear predictor. The method uses a fitted variogram or covariance model to determine weights, which are constrained to sum to one, and it provides a measure of prediction uncertainty through kriging variances."
kriging:domain_expert:test:7,kriging,domain_expert,test,7,57,4,variogram|covariance|unbiased|redundan,"Ordinary kriging predicts values at unobserved locations by combining nearby observations with weights derived from a variogram model, which accounts for both spatial covariance and observation redundancy. These weights ensure an unbiased prediction when the mean is constant locally, and they also provide a measure of prediction uncertainty based on the sampling design and spatial correlation structure."
kriging:matched_other_expert:train:0,kriging,matched_other_expert,train,0,73,5,variogram|covariance|unbiased|kriging variance|redundan,"Ordinary kriging predicts a spatial variable at an unobserved location by combining nearby observations with weights derived from a fitted variogram or covariance model, ensuring these weights sum to one to produce an unbiased linear predictor under local constancy of the unknown mean. Additionally, the spatial covariance and redundancy among observations influence the weights, and the same model provides a kriging variance that reflects the uncertainty due to sampling geometry and spatial dependence."
kriging:matched_other_expert:train:1,kriging,matched_other_expert,train,1,59,4,variogram|covariance|kriging variance|redundan,"Ordinary kriging predicts a spatial variable at an unobserved location by combining nearby observations with weights derived from a fitted variogram or covariance model, ensuring these weights sum to one and are adjusted for spatial covariance and observation redundancy. This method also provides a kriging variance that reflects the uncertainty due to the sampling design and assumed spatial relationships."
kriging:matched_other_expert:train:2,kriging,matched_other_expert,train,2,65,5,variogram|covariance|unbiased|kriging variance|redundan,"Ordinary kriging predicts a spatial variable at an unobserved location by combining nearby observations with weights derived from a fitted variogram or covariance model, ensuring these weights sum to one to produce an unbiased linear predictor. Spatial covariance and observation redundancy influence these weights, and the method also provides a kriging variance that reflects the uncertainty due to the sampling design and assumed spatial dependence."
kriging:matched_other_expert:train:3,kriging,matched_other_expert,train,3,66,5,variogram|covariance|unbiased|kriging variance|redundan,"Ordinary kriging predicts spatial variables at unobserved locations by combining nearby observations with weights derived from a fitted variogram or covariance model, ensuring the weights sum to one to produce an unbiased linear predictor. These weights consider both the spatial covariance and redundancy among observations, and the model also provides a kriging variance that reflects the uncertainty due to the sampling design and assumed spatial dependence."
kriging:matched_other_expert:validation:4,kriging,matched_other_expert,validation,4,63,5,variogram|covariance|unbiased|kriging variance|redundan,"Ordinary kriging predicts a spatial variable at an unobserved location by combining nearby observations with weights derived from a fitted variogram or covariance model, ensuring these weights sum to one to produce an unbiased linear predictor. Spatial covariance and observation redundancy influence these weights, and the method also provides a kriging variance that reflects the uncertainty due to sampling geometry and spatial dependence."
kriging:matched_other_expert:validation:5,kriging,matched_other_expert,validation,5,66,5,variogram|covariance|unbiased|kriging variance|redundan,"Ordinary kriging predicts a spatial variable at an unobserved location by combining nearby observations with weights derived from a fitted variogram or covariance model, ensuring these weights sum to one to produce an unbiased linear predictor under local constancy of the unknown mean. The model considers both spatial covariance and redundancy among observations to account for uncertainty in the prediction, as quantified by the kriging variance."
kriging:matched_other_expert:test:6,kriging,matched_other_expert,test,6,63,4,variogram|covariance|unbiased|redundan,"Ordinary kriging predicts values at unobserved locations by combining nearby observations with weights derived from a variogram or covariance model, ensuring these weights sum to one to produce an unbiased predictor. These weights account for both the spatial covariance between observations and their relative redundancy, and they also provide a measure of prediction uncertainty based on the sampling design and assumed spatial relationships."
kriging:matched_other_expert:test:7,kriging,matched_other_expert,test,7,66,5,variogram|covariance|unbiased|kriging variance|redundan,"Ordinary kriging predicts a spatial variable at an unobserved location by combining nearby observations with weights derived from a fitted variogram or covariance model, ensuring these weights sum to one to produce an unbiased linear predictor. The model considers both the spatial covariance and redundancy among observations, and it provides a kriging variance that reflects the uncertainty due to the sampling geometry and assumed spatial dependence."
