layer,tail_position,direction_norm,validation_decoding_accuracy,validation_addition_effect,validation_ablation_reduction,selection_score
0,-5,0.007176375016570091,0.375,0.031250014901161194,2.46875,0.031250014901161194
0,-4,0.011512812227010727,0.625,0.03125,0.2812500149011612,0.03125
0,-3,0.008202542550861835,0.5,0.031249992549419403,0.2187500074505806,0.031249992549419403
0,-2,0.012339572422206402,0.375,0.015625,1.4901161193847656e-08,1.4901161193847656e-08
0,-1,0.007677892223000526,0.375,0.015624992549419403,0.0,0.0
1,-5,0.014543972909450531,0.375,7.450580596923828e-09,1.59375,7.450580596923828e-09
1,-4,0.017882538959383965,0.5,2.9802322387695312e-08,0.03125,2.9802322387695312e-08
1,-3,0.013190260156989098,0.375,-7.450580596923828e-09,0.12500006705522537,-7.450580596923828e-09
1,-2,0.015882626175880432,0.5,0.031249992549419403,-0.1562499850988388,-0.1562499850988388
1,-1,0.012250143103301525,0.5,0.03125,0.1250000149011612,0.03125
2,-5,0.0221452247351408,0.625,0.0312500074505806,0.125,0.0312500074505806
2,-4,0.022888215258717537,0.5,1.4901161193847656e-08,0.125,1.4901161193847656e-08
2,-3,0.031914353370666504,0.75,0.015624992549419403,0.1875,0.015624992549419403
2,-2,0.019264711067080498,0.375,0.03125,0.53125,0.03125
2,-1,0.0200746338814497,0.5,0.031250014901161194,0.0,0.0
3,-5,0.054859183728694916,0.5,-0.0468749925494194,0.4062500149011612,-0.0468749925494194
3,-4,0.04974464327096939,0.5,0.015625,0.09375,0.015625
3,-3,0.049771785736083984,0.625,0.0,0.1875,0.0
3,-2,0.03085995465517044,0.625,0.015625,0.2187500149011612,0.015625
3,-1,0.043548718094825745,0.375,2.2351741790771484e-08,0.5625000298023224,2.2351741790771484e-08
4,-5,0.07820899784564972,0.375,-1.4901161193847656e-08,0.3437499701976776,-1.4901161193847656e-08
4,-4,0.08315224200487137,0.5,-0.015624985098838806,0.12500005960464478,-0.015624985098838806
4,-3,0.06937302649021149,0.625,0.03125,0.3750000223517418,0.03125
4,-2,0.06294333189725876,0.75,-0.015625,0.15625,-0.015625
4,-1,0.06815854460000992,0.5,0.015625,0.0625,0.015625
5,-5,0.08013784885406494,0.5,-0.03125,0.0625,-0.03125
5,-4,0.09243210405111313,0.5,-0.046875,0.5,-0.046875
5,-3,0.07448016852140427,0.625,0.0,0.5625,0.0
5,-2,0.06739205867052078,0.75,-0.03125,0.5312499850988388,-0.03125
5,-1,0.07913213968276978,0.5,0.03125,0.0625,0.03125
6,-5,0.08886802941560745,0.375,0.0625,0.40625,0.0625
6,-4,0.09664929658174515,0.375,0.046875,0.25,0.046875
6,-3,0.07564599066972733,0.5,-0.03125,0.4687500149011612,-0.03125
6,-2,0.0659015104174614,0.75,0.03125001862645149,0.2812499776482582,0.03125001862645149
6,-1,0.07823378592729568,0.5,0.046875,0.0,0.0
7,-5,0.13360464572906494,0.625,0.0156250037252903,0.1875,0.0156250037252903
7,-4,0.12654829025268555,0.375,0.046875,0.21875,0.046875
7,-3,0.09088808298110962,0.625,-0.0312500074505806,0.84375,-0.0312500074505806
7,-2,0.07931825518608093,0.75,0.015625,0.03125,0.015625
7,-1,0.10300373286008835,0.75,0.015625007450580597,-0.062499985098838806,-0.062499985098838806
8,-5,0.1634201854467392,0.875,-0.031250014901161194,0.0,-0.031250014901161194
8,-4,0.12704862654209137,0.5,0.046875014901161194,-0.031249940395355225,-0.031249940395355225
8,-3,0.09075736254453659,0.625,-0.015624992549419403,0.53125,-0.015624992549419403
8,-2,0.08981724828481674,0.75,0.0312500074505806,0.0,0.0
8,-1,0.1065930500626564,1.0,0.015625,0.0625,0.015625
9,-5,0.18095649778842926,0.75,-0.015625,0.46875,-0.015625
9,-4,0.1428249627351761,0.875,0.015624985098838806,-0.2499999850988388,-0.2499999850988388
9,-3,0.09311161935329437,0.625,-0.015625007450580597,0.46875,-0.015625007450580597
9,-2,0.10888125747442245,0.75,0.015625007450580597,-0.15625,-0.15625
9,-1,0.11430294066667557,1.0,0.0,0.03125002980232239,0.0
10,-5,0.18406890332698822,0.875,0.015625,0.15625,0.015625
10,-4,0.14792969822883606,0.875,0.03125,0.03125,0.03125
10,-3,0.1045013964176178,0.625,7.450580596923828e-09,0.8749999850988388,7.450580596923828e-09
10,-2,0.1298229992389679,0.875,0.03125,0.4375000149011612,0.03125
10,-1,0.12068253010511398,0.875,0.04687502607703209,-0.031249992549419403,-0.031249992549419403
11,-5,0.32181331515312195,1.0,0.234375,0.28125,0.234375
11,-4,0.23977188766002655,1.0,0.1875,0.2812500447034836,0.1875
11,-3,0.10668189078569412,0.625,0.046875,0.5,0.046875
11,-2,0.17616499960422516,0.75,0.0156250037252903,0.1875000298023224,0.0156250037252903
11,-1,0.1870208978652954,0.625,0.140625,0.25,0.140625
12,-5,0.4043058753013611,1.0,0.3593750037252903,0.3437500149011612,0.3437500149011612
12,-4,0.28115734457969666,1.0,0.1718749925494194,0.1562499850988388,0.1562499850988388
12,-3,0.10901889204978943,0.75,0.0,0.21875,0.0
12,-2,0.18968182802200317,0.75,0.046875011175870895,0.031250014901161194,0.031250014901161194
12,-1,0.2123488038778305,0.625,0.09375,0.4375,0.09375
13,-5,0.5469159483909607,0.875,0.46875,0.5937500149011612,0.46875
13,-4,0.30308133363723755,0.875,0.171875,0.1875,0.171875
13,-3,0.12920376658439636,0.875,0.031249992549419403,0.25,0.031249992549419403
13,-2,0.20785751938819885,0.625,-0.046875,-2.9802322387695312e-08,-0.046875
13,-1,0.22569897770881653,0.75,0.1250000223517418,0.3125,0.1250000223517418
14,-5,0.5809803009033203,1.0,0.328125,0.5937499850988388,0.328125
14,-4,0.29832056164741516,0.75,0.03125,-0.09375004470348358,-0.09375004470348358
14,-3,0.1373012363910675,0.875,0.0,0.2187500298023224,0.0
14,-2,0.22015002369880676,0.75,3.725290298461914e-09,0.0625000074505806,3.725290298461914e-09
14,-1,0.23771438002586365,0.75,0.046875,2.9802322387695312e-08,2.9802322387695312e-08
15,-5,0.9763009548187256,0.875,0.46875,0.53125,0.46875
15,-4,0.5022366642951965,0.75,0.109375,0.2500000298023224,0.109375
15,-3,0.14600607752799988,0.875,0.03125,0.375,0.03125
15,-2,0.26505324244499207,0.625,0.0624999925494194,0.03125,0.03125
15,-1,0.3778972029685974,0.625,0.1250000074505806,0.46875,0.1250000074505806
16,-5,1.2441095113754272,0.875,0.421875,0.40625,0.40625
16,-4,0.6828205585479736,0.75,0.140625,0.3125000298023224,0.140625
16,-3,0.1750984936952591,0.875,0.046875014901161194,0.09374997019767761,0.046875014901161194
16,-2,0.5597987771034241,1.0,0.0781250074505806,0.1875,0.0781250074505806
16,-1,0.7151908874511719,0.875,0.234375,0.5,0.234375
17,-5,2.3341143131256104,1.0,1.578125,0.6875000149011612,0.6875000149011612
17,-4,0.6293616890907288,0.75,0.140625,0.1562500298023224,0.140625
17,-3,0.20442058145999908,1.0,0.109375,0.15625,0.109375
17,-2,0.6261590123176575,1.0,0.1875,0.2812500149011612,0.1875
17,-1,1.416522741317749,1.0,0.9218749850988388,0.5625,0.5625
18,-5,2.268495798110962,1.0,1.3281249925494194,0.75,0.75
18,-4,0.6051998138427734,0.75,0.1250000074505806,0.1875000298023224,0.1250000074505806
18,-3,0.23947934806346893,1.0,0.0625,0.0625,0.0625
18,-2,0.6887505650520325,1.0,0.28125,0.0625,0.0625
18,-1,1.6349780559539795,1.0,0.9843750223517418,0.59375,0.59375
19,-5,4.486059665679932,1.0,0.625,0.1875,0.1875
19,-4,0.63502436876297,0.75,0.03125,0.0937500074505806,0.03125
19,-3,0.2555907964706421,1.0,0.015625,-0.062499985098838806,-0.062499985098838806
19,-2,0.920758068561554,1.0,0.140625,0.09375,0.09375
19,-1,2.642953395843506,1.0,0.4843750037252903,0.3437499701976776,0.3437499701976776
20,-5,4.056017875671387,1.0,0.4062499925494194,0.2500000074505806,0.2500000074505806
20,-4,0.7173119187355042,0.75,0.0312500074505806,0.0,0.0
20,-3,0.32671040296554565,1.0,0.0468749925494194,-0.09375,-0.09375
20,-2,1.296555757522583,1.0,0.140625,-0.0625,-0.0625
20,-1,2.8723084926605225,1.0,0.4375,0.3750000149011612,0.3750000149011612
21,-5,4.175447463989258,1.0,0.390625,0.15625,0.15625
21,-4,0.8601687550544739,0.875,0.03125,0.0624999925494194,0.03125
21,-3,0.4331660568714142,1.0,0.015625007450580597,-0.031249985098838806,-0.031249985098838806
21,-2,1.5391408205032349,1.0,0.15625,-0.03125,-0.03125
21,-1,3.0059118270874023,1.0,0.3593750074505806,0.25,0.25
22,-5,4.2199931144714355,1.0,0.328125,0.21875004470348358,0.21875004470348358
22,-4,1.027396321296692,0.875,0.0468749925494194,0.09375,0.0468749925494194
22,-3,0.5349366664886475,1.0,0.0,0.0625,0.0
22,-2,1.878313660621643,1.0,0.1875,-0.0624999925494194,-0.0624999925494194
22,-1,3.168120861053467,1.0,0.3125,0.1562500074505806,0.1562500074505806
23,-5,4.37364387512207,1.0,0.109375,0.03125,0.03125
23,-4,1.2551153898239136,0.875,0.015625018626451492,0.062499985098838806,0.015625018626451492
23,-3,0.6539192795753479,1.0,0.0468749925494194,0.09375,0.0468749925494194
23,-2,2.0353891849517822,1.0,0.0781249925494194,-0.0937500149011612,-0.0937500149011612
23,-1,3.1767821311950684,1.0,0.09375,0.0937499850988388,0.0937499850988388
24,-5,4.44103479385376,1.0,0.1093750074505806,0.03125,0.03125
24,-4,1.4885386228561401,1.0,0.03125,0.0,0.0
24,-3,0.7558805346488953,1.0,0.0,0.0625000074505806,0.0
24,-2,2.193831205368042,1.0,0.09375,-0.375,-0.375
24,-1,3.170893907546997,1.0,0.125,0.0,0.0
25,-5,4.385601997375488,1.0,0.078125,0.0,0.0
25,-4,1.715415596961975,1.0,0.0,0.0625,0.0
25,-3,0.8916130065917969,1.0,0.015625,0.0625,0.015625
25,-2,2.2913472652435303,1.0,0.078125,-0.625,-0.625
25,-1,3.117009401321411,1.0,0.109375,-0.03125,-0.03125
26,-5,4.434347152709961,1.0,0.0625,0.28125,0.0625
26,-4,2.083883047103882,1.0,0.0,0.0,0.0
26,-3,1.0271636247634888,1.0,0.015624992549419403,0.06250002980232239,0.015624992549419403
26,-2,2.34120774269104,0.875,0.0781249888241291,-0.53125,-0.53125
26,-1,3.18807315826416,1.0,0.109375,-0.3437500149011612,-0.3437500149011612
27,-5,4.70028829574585,1.0,0.03125,0.0937500074505806,0.03125
27,-4,2.5241851806640625,1.0,0.046875,0.031249985098838806,0.031249985098838806
27,-3,1.1520687341690063,1.0,0.015625,0.03125,0.015625
27,-2,2.441098690032959,0.875,0.015625,-0.5,-0.5
27,-1,3.279224395751953,0.875,0.0312500037252903,-0.1249999850988388,-0.1249999850988388
28,-5,4.979763507843018,1.0,0.015625,0.0625,0.015625
28,-4,3.0239734649658203,1.0,-1.4901161193847656e-08,0.09375004470348358,-1.4901161193847656e-08
28,-3,1.374613881111145,1.0,0.046875,0.03125,0.03125
28,-2,2.6507692337036133,0.875,0.031249985098838806,-0.9687499925494194,-0.9687499925494194
28,-1,3.4709925651550293,0.875,0.0625,-0.125,-0.125
29,-5,5.400678634643555,1.0,0.046875,0.0625,0.046875
29,-4,3.7977066040039062,1.0,-0.015625007450580597,-0.03125,-0.03125
29,-3,1.694423794746399,1.0,0.015624992549419403,0.09375,0.015624992549419403
29,-2,2.905336380004883,1.0,0.0781249925494194,-0.3749999776482582,-0.3749999776482582
29,-1,3.774763345718384,0.75,0.0625000111758709,-0.0625000149011612,-0.0625000149011612
30,-5,6.00357723236084,1.0,0.031250014901161194,0.031249985098838806,0.031249985098838806
30,-4,4.423880577087402,1.0,0.015625,0.0,0.0
30,-3,2.0512473583221436,1.0,0.0312500074505806,0.03125,0.03125
30,-2,3.285737991333008,1.0,0.03125002235174179,-0.5312500447034836,-0.5312500447034836
30,-1,4.220676422119141,0.75,0.0468749925494194,-0.375,-0.375
31,-5,7.376496315002441,1.0,0.0,-0.09375,-0.09375
31,-4,5.238282680511475,1.0,0.03125,-0.03125,-0.03125
31,-3,2.664926528930664,1.0,0.015625,0.0,0.0
31,-2,4.334566116333008,1.0,0.015625014901161194,-0.4374999850988388,-0.4374999850988388
31,-1,5.623600959777832,0.75,0.015624985098838806,-0.3750000149011612,-0.3750000149011612
