tokens,baseline_nll,changed_nll,nll_increase,mean_next_token_kl,top1_agreement,kind,seed,rank,layer
1016,3.0582579364926796,3.057480699434055,-0.0007772370586245358,0.0009511215245629859,0.9783464566929134,learned,-1,1,17
1016,3.0582579364926796,3.0620210902897393,0.003763153797059715,0.0013828243561617034,0.9744094488188977,learned,-1,2,17
1016,3.0582579364926796,3.064813568836122,0.006555632343442586,0.002479024994091725,0.96751968503937,learned,-1,3,17
1016,3.0582579364926796,3.0662529412217028,0.007995004729023147,0.00264009915468261,0.9625984251968503,learned,-1,4,17
1016,3.0582579364926796,3.061497485543799,0.0032395490511194502,0.0028087421665041463,0.9704724409448819,learned,-1,5,17
1016,3.0582579364926796,3.061055821696604,0.002797885203924544,0.0029946126806454395,0.969488188976378,learned,-1,6,17
1016,3.0582579364926796,3.0655660554179995,0.007308118925319906,0.003978500685353917,0.9635826771653543,learned,-1,7,17
1016,3.0582579364926796,3.065561970387857,0.007304033895177309,0.004110067378817581,0.9616141732283464,learned,-1,8,17
1016,3.0582579364926796,3.058800885057825,0.0005429485651453625,0.0005952380304261455,0.985236220472441,random,0,1,17
1016,3.0582579364926796,3.0571165310116264,-0.001141405481053237,0.0008572162253650154,0.9773622047244095,random,0,2,17
1016,3.0582579364926796,3.0580314576156495,-0.00022647887703008962,0.0010178538229991133,0.9753937007874016,random,0,3,17
1016,3.0582579364926796,3.0558959480345718,-0.0023619884581078665,0.0010868402447287491,0.9734251968503937,random,0,4,17
1016,3.0582579364926796,3.05696838859498,-0.0012895478976995278,0.001135607697362975,0.9665354330708661,random,0,5,17
1016,3.0582579364926796,3.0568236103208046,-0.001434326171875,0.0012305324941169558,0.9704724409448819,random,0,6,17
1016,3.0582579364926796,3.0581997848871185,-5.8151605561107544e-05,0.0013813080163452569,0.9734251968503937,random,0,7,17
1016,3.0582579364926796,3.0575332040861833,-0.0007247324064962868,0.0015280980059481043,0.9714566929133859,random,0,8,17
1016,3.0582579364926796,3.056507020484744,-0.0017509160079356434,0.0007513393391305067,0.9763779527559056,random,1,1,17
1016,3.0582579364926796,3.056647713728777,-0.0016102227639027689,0.0009215925856838076,0.9734251968503937,random,1,2,17
1016,3.0582579364926796,3.055717408187746,-0.002540528304933787,0.0009661665640947387,0.9803149606299213,random,1,3,17
1016,3.0582579364926796,3.0559234619140625,-0.0023344745786171295,0.001371304467907102,0.9783464566929134,random,1,4,17
1016,3.0582579364926796,3.05480308232345,-0.0034548541692296375,0.0014709111039094098,0.9773622047244095,random,1,5,17
1016,3.0582579364926796,3.055596178910864,-0.002661757581815749,0.0015501290794432633,0.9773622047244095,random,1,6,17
1016,3.0582579364926796,3.0589562363511935,0.0006982998585138844,0.001650203107379553,0.9783464566929134,random,1,7,17
1016,3.0582579364926796,3.0576678899329477,-0.0005900465597319382,0.0018826704325638419,0.9773622047244095,random,1,8,17
1016,3.0582579364926796,3.0586790550412157,0.00042111854853610353,0.0006022013606518272,0.9872047244094488,random,2,1,17
1016,3.0582579364926796,3.05721877691314,-0.0010391595795398167,0.0007301268615121917,0.9832677165354331,random,2,2,17
1016,3.0582579364926796,3.0585116889533097,0.0002537524606300856,0.000879375484046035,0.984251968503937,random,2,3,17
1016,3.0582579364926796,3.057755597933071,-0.0005023385596087948,0.0009215482635291542,0.9872047244094488,random,2,4,17
1016,3.0582579364926796,3.057909267155204,-0.00034866933747546014,0.0009882393197750482,0.9803149606299213,random,2,5,17
1016,3.0582579364926796,3.0589128629429134,0.0006549264502337948,0.0010780499676081138,0.9783464566929134,random,2,6,17
1016,3.0582579364926796,3.058586060531496,0.0003281240388162132,0.0011538111084089505,0.9763779527559056,random,2,7,17
1016,3.0582579364926796,3.0581101545198695,-0.00014778197281017924,0.0013140093857847799,0.9773622047244095,random,2,8,17
1016,3.0582579364926796,3.058626189945251,0.0003682534525712988,0.000626884342178585,0.9822834645669292,random,3,1,17
1016,3.0582579364926796,3.058694914570005,0.0004369780773254561,0.0007530048958898529,0.9793307086614174,random,3,2,17
1016,3.0582579364926796,3.057763287401575,-0.0004946490911046375,0.0008676830004519365,0.9812992125984252,random,3,3,17
1016,3.0582579364926796,3.0576317254013903,-0.0006262110912893526,0.0009444358017970258,0.9783464566929134,random,3,4,17
1016,3.0582579364926796,3.0558650700126107,-0.002392866480068978,0.0011358225908805067,0.9734251968503937,random,3,5,17
1016,3.0582579364926796,3.055073415200541,-0.0031845212921384203,0.0012646632518355301,0.9773622047244095,random,3,6,17
1016,3.0582579364926796,3.052706140232837,-0.00555179625984259,0.0014265665388482763,0.9783464566929134,random,3,7,17
1016,3.0582579364926796,3.0552559199295644,-0.003002016563115273,0.0015237720932547501,0.9773622047244095,random,3,8,17
1016,3.0582579364926796,3.05698917418953,-0.0012687623031495399,0.0007335773896513961,0.9803149606299213,random,4,1,17
1016,3.0582579364926796,3.0563127412570745,-0.0019451952356051017,0.00106085983552332,0.9783464566929134,random,4,2,17
1016,3.0582579364926796,3.057012362742987,-0.0012455737496925856,0.0012172271651545846,0.9812992125984252,random,4,3,17
1016,3.0582579364926796,3.0553278885488435,-0.0029300479438361116,0.0014208921297328679,0.9783464566929134,random,4,4,17
1016,3.0582579364926796,3.05604144719642,-0.002216489296259727,0.0014482154620914008,0.969488188976378,random,4,5,17
1016,3.0582579364926796,3.054046030119648,-0.004211906373031482,0.0015657699014258197,0.9714566929133859,random,4,6,17
1016,3.0582579364926796,3.056344340166708,-0.001913596325971767,0.0025256245624362015,0.968503937007874,random,4,7,17
1016,3.0582579364926796,3.0565389798382134,-0.0017189566544661972,0.002585948921564057,0.96751968503937,random,4,8,17
1016,3.0582579364926796,3.0583339901421014,7.605364942175896e-05,0.0008944610031101647,0.985236220472441,random,5,1,17
1016,3.0582579364926796,3.0593214861051305,0.0010635496124509203,0.000989749089000732,0.9803149606299213,random,5,2,17
1016,3.0582579364926796,3.0604120690052903,0.0021541325126106514,0.0011289669420775465,0.9734251968503937,random,5,3,17
1016,3.0582579364926796,3.060060876560962,0.0018029400682824104,0.0012122334575089882,0.9704724409448819,random,5,4,17
1016,3.0582579364926796,3.061059906726747,0.0028019702340675856,0.0014438700136237257,0.9773622047244095,random,5,5,17
1016,3.0582579364926796,3.058857835183932,0.0005998986912523208,0.0014530152199775214,0.9793307086614174,random,5,6,17
1016,3.0582579364926796,3.057861928864727,-0.0003960076279527769,0.001569815918685883,0.9744094488188977,random,5,7,17
1016,3.0582579364926796,3.059921384796383,0.001663448303703241,0.00165681816696182,0.9744094488188977,random,5,8,17
1016,3.0582579364926796,3.058817585622232,0.0005596491295523087,0.0007701704762582704,0.9793307086614174,random,6,1,17
1016,3.0582579364926796,3.0588348869263657,0.0005769504336861075,0.0009200578247468302,0.9763779527559056,random,6,2,17
1016,3.0582579364926796,3.0583192119448204,6.127545214074104e-05,0.0013886793978570952,0.985236220472441,random,6,3,17
1016,3.0582579364926796,3.0578756257304995,-0.00038231076218009363,0.0015354596489057766,0.9763779527559056,random,6,4,17
1016,3.0582579364926796,3.0580208845964565,-0.00023705189622313938,0.001623693765617731,0.9773622047244095,random,6,5,17
1016,3.0582579364926796,3.0561576302595963,-0.0021003062330833266,0.0016822533931319169,0.9753937007874016,random,6,6,17
1016,3.0582579364926796,3.055683766763041,-0.0025741697296384203,0.0018147454839053116,0.9803149606299213,random,6,7,17
1016,3.0582579364926796,3.0543593759611833,-0.003898560531496287,0.001898788619698502,0.9744094488188977,random,6,8,17
1016,3.0582579364926796,3.0589811069758857,0.000723170483206026,0.0006614656840253064,0.9763779527559056,random,7,1,17
1016,3.0582579364926796,3.0580274927334523,-0.00023044375922731675,0.0007369977341392847,0.9783464566929134,random,7,2,17
1016,3.0582579364926796,3.0591291292445866,0.0008711927519069462,0.0009777877978452546,0.9763779527559056,random,7,3,17
1016,3.0582579364926796,3.0594155619463583,0.0011576254536787012,0.0011936861464357752,0.9783464566929134,random,7,4,17
1016,3.0582579364926796,3.059912133404589,0.001654196911909267,0.0013035409093841792,0.9773622047244095,random,7,5,17
1016,3.0582579364926796,3.059163010965182,0.0009050744725023208,0.0013461856860814132,0.9753937007874016,random,7,6,17
1016,3.0582579364926796,3.060126477339136,0.00186854084645649,0.001500854518000535,0.9734251968503937,random,7,7,17
1016,3.0582579364926796,3.061214056540662,0.0029561200479824024,0.0015579364079190052,0.9724409448818898,random,7,8,17
1016,3.0582579364926796,3.0567101906603718,-0.0015477458323078785,0.0006732972353462159,0.9753937007874016,random,8,1,17
1016,3.0582579364926796,3.058653103085015,0.00039516659233518325,0.000856845280316871,0.9793307086614174,random,8,2,17
1016,3.0582579364926796,3.0574984813299704,-0.000759455162709255,0.0012189031351269699,0.9744094488188977,random,8,3,17
1016,3.0582579364926796,3.0584278256874384,0.00016988919475879882,0.0014801027150604669,0.9793307086614174,random,8,4,17
1016,3.0582579364926796,3.0614596389410065,0.0032017024483268486,0.0015501214528646995,0.9753937007874016,random,8,5,17
1016,3.0582579364926796,3.062666404904343,0.004408468411663424,0.0017005333046274862,0.9724409448818898,random,8,6,17
1016,3.0582579364926796,3.062602726493295,0.004344790000615273,0.002302382640012606,0.9665354330708661,random,8,7,17
1016,3.0582579364926796,3.060905396468996,0.002647459976316213,0.00236248817500167,0.9645669291338582,random,8,8,17
1016,3.0582579364926796,3.0582539716104824,-3.9648821972271264e-06,0.0008653528167037513,0.9803149606299213,random,9,1,17
1016,3.0582579364926796,3.0578245628537157,-0.00043337363896389647,0.0009362505470204541,0.9803149606299213,random,9,2,17
1016,3.0582579364926796,3.059623898483637,0.0013659619909573983,0.0013129887149089903,0.9783464566929134,random,9,3,17
1016,3.0582579364926796,3.059034452663632,0.0007765161709523127,0.0014975423535962744,0.9714566929133859,random,9,4,17
1016,3.0582579364926796,3.057675699549397,-0.0005822369432824104,0.0017065695068967624,0.9744094488188977,random,9,5,17
1016,3.0582579364926796,3.0573362816037157,-0.0009216548889638965,0.0018415749073028564,0.9763779527559056,random,9,6,17
1016,3.0582579364926796,3.0580143966074065,-0.0002435398852731474,0.0019539988885714315,0.9714566929133859,random,9,7,17
1016,3.0582579364926796,3.057179969126784,-0.0010779673658958266,0.0025899480646989475,0.9665354330708661,random,9,8,17
